name,x,y,z,ry,rx,rz
moli01_00004.jpeg,-28.66251126,2.99599757,13.30644013,94.0896553,71.27648103,0.30874556
moli01_00010.jpeg,-28.64943489,2.99430267,13.30985854,94.14022355,71.25290325,0.3483749
moli01_00014.jpeg,-28.65098249,2.99322735,13.31333204,94.17306501,71.2293559,0.36625039
moli01_00018.jpeg,-28.64064408,2.99086293,13.31948853,94.19159687,71.21899825,0.38292603
moli01_00020.jpeg,-28.64115577,2.98832499,13.32073839,94.2116704,71.24300426,0.39584728
moli01_00026.jpeg,-28.61954473,2.97177439,13.31228242,94.21416248,71.22511299,0.38177678
moli01_00029.jpeg,-28.61652694,2.97518539,13.31356986,94.23570486,71.23909936,0.38923496
moli01_00033.jpeg,-28.61215122,2.96755769,13.32032113,94.20516254,71.22227952,0.34047908
moli01_00036.jpeg,-28.60943693,2.95908298,13.32464911,94.18098574,71.231059,0.30261328
moli01_00042.jpeg,-28.63031429,2.96108266,13.31321938,94.22205893,71.22540942,0.3031887
moli01_00046.jpeg,-28.65025597,2.96279488,13.30690182,94.24886373,71.2132902,0.30651744
moli01_00048.jpeg,-28.66125504,2.96441434,13.31202878,94.26406693,71.22798754,0.31325177
moli01_00054.jpeg,-28.71499379,2.80721904,13.31963685,94.75078591,71.21535655,0.25871765
moli01_00058.jpeg,-28.77019798,2.53832164,13.32048744,95.02353596,71.19567794,0.24217514
moli01_00061.jpeg,-28.81737721,2.253911,13.31613155,95.00269171,71.20379101,0.23975614
moli01_00065.jpeg,-28.87657337,1.79834446,13.31453424,94.7571566,71.22130356,0.28888575
moli01_00068.jpeg,-28.92630992,1.3993427,13.32313541,94.40870947,71.20282035,0.39174124
moli01_00072.jpeg,-29.00716494,0.80712836,13.33189837,93.62046629,71.1973125,0.54731325
moli01_00076.jpeg,-29.07207738,0.15876213,13.3314864,92.45047026,71.21004766,0.70576108
moli01_00082.jpeg,-29.14488528,-0.88048232,13.33917665,90.46680977,71.27016457,0.90321144
moli01_00084.jpeg,-29.15745904,-1.23863913,13.34311328,89.77656894,71.26664582,0.97127398
moli01_00090.jpeg,-29.19160266,-2.34445198,13.35170463,87.65429115,71.2692189,1.15379974
moli01_00094.jpeg,-29.2297239,-3.09302195,13.36394672,86.10403793,71.31451615,1.21992412
moli01_00098.jpeg,-29.24476745,-3.69694861,13.36797906,84.72470612,71.38304787,1.20161479
moli01_00101.jpeg,-29.23322873,-4.07359076,13.35313585,84.02782633,71.42546913,1.21028964
moli01_00105.jpeg,-29.15568635,-4.71135783,13.33392269,82.90588489,71.45491944,1.28451926
moli01_00108.jpeg,-29.05765953,-5.33203325,13.32502877,81.67946602,71.48736764,1.34537612
moli01_00112.jpeg,-28.87004446,-6.27677725,13.32707696,79.79493677,71.51696178,1.45077721
moli01_00116.jpeg,-28.61980288,-7.27815583,13.32688609,77.76719822,71.52091354,1.5218307
moli01_00122.jpeg,-28.20281199,-8.82290124,13.34099395,74.67509635,71.49514258,1.64511651
moli01_00126.jpeg,-27.86808843,-9.83139324,13.3503622,72.66696914,71.46977581,1.72944783
moli01_00130.jpeg,-27.49789731,-10.83409361,13.35196526,70.5942124,71.44139176,1.75488978
moli01_00134.jpeg,-27.10904743,-11.84532845,13.35282457,68.49532799,71.43049079,1.78202684
moli01_00137.jpeg,-26.80105422,-12.59983227,13.35621992,66.90549092,71.42574142,1.81406667
moli01_00140.jpeg,-26.45063099,-13.36771344,13.35556686,65.30649812,71.38441232,1.89271015
moli01_00145.jpeg,-25.74596484,-14.75977788,13.3193063,62.31266662,71.50152064,2.01924649
moli01_00148.jpeg,-25.19062355,-15.69489462,13.35405888,60.19364201,71.51013639,2.08272146
moli01_00152.jpeg,-24.35448903,-17.00877006,13.37975752,57.14298942,71.46472259,2.18841032
moli01_00156.jpeg,-23.32415979,-18.40418738,13.39515104,53.73620424,71.42501154,2.26607417
moli01_00162.jpeg,-21.49131781,-20.59225967,13.37768605,48.14552261,71.53709024,2.41671928
moli01_00166.jpeg,-20.05602834,-21.98876021,13.43599156,44.15311719,71.48843891,2.40874853
moli01_00170.jpeg,-18.56521383,-23.34475158,13.45588366,40.10141586,71.51450359,2.39399077
moli01_00174.jpeg,-16.94967962,-24.58145638,13.46713922,36.0276216,71.55558207,2.40344017
moli01_00177.jpeg,-15.68636713,-25.39246191,13.45710674,33.05859336,71.60812234,2.41014783
moli01_00181.jpeg,-13.94010063,-26.31979758,13.43401139,29.08588714,71.65935513,2.36848004
moli01_00184.jpeg,-12.63642777,-26.95200866,13.43135055,26.15214223,71.71139399,2.34942366
moli01_00188.jpeg,-10.90984391,-27.70159526,13.43259336,22.30837937,71.7019704,2.31449479
moli01_00192.jpeg,-9.16405324,-28.27560785,13.42449644,18.5966512,71.84167267,2.24286015
moli01_00198.jpeg,-6.49565434,-28.84683306,13.43311072,12.87801461,71.77345584,1.98556521
moli01_00202.jpeg,-4.76614661,-29.13537463,13.40772703,9.23387599,71.70873227,1.89820003
moli01_00206.jpeg,-3.01771138,-29.27595619,13.37971391,5.72611585,71.8351525,1.85276691
moli01_00210.jpeg,-1.20399392,-29.2968518,13.37683435,1.91191949,71.69429766,1.67408231
moli01_00213.jpeg,0.18150731,-29.26075712,13.40212772,-1.05985055,71.53741492,1.57171871
moli01_00217.jpeg,2.01646159,-29.17790484,13.39176752,-4.94277906,71.58777633,1.48089178
moli01_00221.jpeg,3.9003205,-28.92774754,13.33835728,-8.85608447,71.6762345,1.37342097
moli01_00224.jpeg,5.34200236,-28.61885283,13.3216287,-11.9106195,71.69417592,1.25690441
moli01_00228.jpeg,7.27102374,-28.15899629,13.28935761,-16.08219211,71.75268656,1.11046598
moli01_00232.jpeg,9.20327908,-27.51429884,13.32568245,-20.35573081,71.67603684,0.95858091
moli01_00236.jpeg,11.06109155,-26.76152286,13.34011516,-24.60048678,71.65097835,0.76464584
moli01_00242.jpeg,13.77770661,-25.4466216,13.31925962,-30.86694762,71.72419464,0.57707548
moli01_00246.jpeg,15.44255149,-24.40959827,13.28893765,-34.97061865,71.82592358,0.39981148
moli01_00250.jpeg,17.00966502,-23.26375116,13.26767342,-38.95342742,71.79046165,0.31152234
moli01_00253.jpeg,18.13070077,-22.32884522,13.24549847,-41.93624255,71.87296197,0.21761871
moli01_00257.jpeg,19.52722422,-20.89594694,13.23253889,-46.13229793,71.72623091,0.04073219
moli01_00261.jpeg,20.80970108,-19.30804546,13.19946675,-50.45012759,71.65455437,-0.13355961
moli01_00264.jpeg,21.70807706,-17.99640865,13.18381305,-53.69615245,71.60455571,-0.23975696
moli01_00268.jpeg,22.85435793,-16.15092945,13.15620705,-57.98954692,71.38926636,-0.1845362
moli01_00272.jpeg,23.99241376,-14.20353318,13.15974904,-62.644585,71.23823044,-0.21259619
moli01_00276.jpeg,25.04510559,-12.14506752,13.18983828,-67.52845003,71.18582119,-0.36930872
moli01_00282.jpeg,26.38239151,-8.86261782,13.1851376,-74.92099006,71.18381825,-0.5875007
moli01_00286.jpeg,27.05971589,-6.59341928,13.20332345,-79.97184843,71.26465236,-0.79985616
moli01_00290.jpeg,27.49303359,-4.44755709,13.19745466,-84.41999291,71.25086703,-0.87440068
moli01_00293.jpeg,27.64802864,-2.91096244,13.1802374,-87.65432795,71.24807118,-1.02745591
moli01_00297.jpeg,27.6622184,-0.90531494,13.15291859,-91.39472412,71.25297558,-0.79438246
moli01_00300.jpeg,27.5834562,0.60082134,13.134074,-94.26800833,71.28809065,-0.68445483
moli01_00304.jpeg,27.38246767,2.60379814,13.14154737,-98.11889657,71.24314268,-0.49340412
moli01_00308.jpeg,27.11508502,4.61173741,13.16880613,-102.14164216,71.33824178,-0.44200626
moli01_00314.jpeg,26.44361808,7.59169467,13.21561227,-108.09826224,71.3117425,-0.26504333
moli01_00316.jpeg,26.13765782,8.56098204,13.22115028,-110.00503103,71.33280387,-0.19310183
moli01_00322.jpeg,24.95422425,11.42039266,13.21062621,-116.03903037,71.34432574,-0.20985948
moli01_00326.jpeg,23.98263652,13.25750132,13.1997115,-120.34646998,71.3131916,-0.36501103
moli01_00329.jpeg,23.17437096,14.5702927,13.19685554,-123.29932957,71.31845077,-0.25812076
moli01_00333.jpeg,21.99856254,16.23162947,13.19452263,-127.21913533,71.23580302,-0.13503561
moli01_00336.jpeg,21.15688267,17.29217105,13.19532144,-129.76989973,71.22818046,0.0
moli01_00340.jpeg,19.79605128,18.81038958,13.20874298,-133.6324857,71.18252034,0.17510763
moli01_00346.jpeg,17.54110626,20.89821805,13.22671904,-139.50109857,71.16505676,0.38819582
moli01_00350.jpeg,15.89865599,22.12895764,13.22999481,-143.49753644,71.04311536,0.50001666
moli01_00354.jpeg,14.20245916,23.28356152,13.24784598,-147.5054063,71.09856895,0.58984897
moli01_00358.jpeg,12.43385678,24.29280826,13.25557374,-151.41569824,71.17321145,0.73784157
moli01_00361.jpeg,11.05461965,24.94728873,13.26214366,-154.34739818,71.18650955,0.82462143
moli01_00365.jpeg,9.16408395,25.69732222,13.26851247,-158.41164956,71.16222169,0.82515041
moli01_00368.jpeg,7.72542205,26.17508747,13.26972492,-161.37243253,71.19879531,0.8866514
moli01_00372.jpeg,5.78358981,26.6655989,13.28334848,-165.42100809,71.22770912,0.83457848
moli01_00376.jpeg,3.83588413,27.01764812,13.29462331,-169.42351517,71.27824858,0.81198687
moli01_00380.jpeg,1.87593353,27.23441092,13.30724278,-173.33067271,71.29903851,0.87080252
moli01_00386.jpeg,-1.12220961,27.32894742,13.33525957,-179.25334629,71.33466707,0.94355366
moli01_00390.jpeg,-3.16672713,27.24385398,13.35267217,176.60610412,71.34121763,0.92761797
moli01_00394.jpeg,-5.22114773,27.04151578,13.37137206,172.42635673,71.37205737,0.89206891
moli01_00397.jpeg,-6.74706104,26.7955408,13.38569157,169.16691106,71.4214323,0.7469717
moli01_00401.jpeg,-8.74667278,26.32750976,13.39215428,165.03670316,71.46148337,0.69855593
moli01_00405.jpeg,-10.71238268,25.70155224,13.40034359,160.89850073,71.51620753,0.62252659
moli01_00408.jpeg,-12.14667955,25.1100579,13.408318,157.74224746,71.47472489,0.53443454
moli01_00412.jpeg,-13.99817208,24.1945136,13.41332863,153.61740703,71.42662863,0.46621514
moli01_00416.jpeg,-15.77453904,23.15635735,13.41770211,149.52064011,71.42820768,0.42488526
moli01_00420.jpeg,-17.46037313,21.99225142,13.42205185,145.48858585,71.41979271,0.41279291
moli01_00426.jpeg,-19.84623375,20.05867962,13.42518272,139.28198001,71.41558048,0.26369046
moli01_00430.jpeg,-21.31953122,18.63839065,13.42150426,135.24942351,71.45753281,0.24185385
moli01_00434.jpeg,-22.67372203,17.10168478,13.41198207,131.19179672,71.43409743,0.19020648
moli01_00437.jpeg,-23.62022468,15.89049168,13.41090458,128.19988136,71.44294162,0.2353362
moli01_00441.jpeg,-24.78406221,14.19677459,13.41055628,124.24018281,71.41275568,0.30711344
moli01_00445.jpeg,-25.83047711,12.45502794,13.41566797,120.23594018,71.40759909,0.3258623
moli01_00448.jpeg,-26.53976703,11.11618695,13.42108041,117.13121773,71.44943368,0.23200759
moli01_00452.jpeg,-27.36405405,9.24487568,13.42362097,113.08342946,71.47827505,0.18728617
moli01_00456.jpeg,-28.03772619,7.31879729,13.43806874,109.00436069,71.50549761,0.15704311
moli01_00460.jpeg,-28.57001718,5.38014782,13.44636789,105.04129673,71.63447127,0.10955371
moli01_00466.jpeg,-29.10590763,2.40617697,13.46299223,99.0340592,71.74475609,0.03207077
moli01_00470.jpeg,-29.25305763,0.41396579,13.44150041,94.99208709,71.71606928,-0.03159185
moli01_00474.jpeg,-29.25796383,-1.62010438,13.45124534,90.88631365,71.69802899,-0.12909317
moli01_00477.jpeg,-29.21686855,-3.16294554,13.45268005,87.6942487,71.71145228,-0.25459912
moli01_00481.jpeg,-29.0232875,-5.21151561,13.45341399,83.43980069,71.64926405,-0.40240021
moli01_00484.jpeg,-28.79167698,-6.73230832,13.45608721,80.36945304,71.65268809,-0.44914842
moli01_00488.jpeg,-28.28280189,-8.72753018,13.46766742,76.202027,71.59605429,-0.54224795
moli01_00492.jpeg,-27.58561319,-10.65125567,13.47943448,71.98373216,71.47402616,-0.68120089
moli01_00496.jpeg,-26.65603967,-12.46883777,13.46799601,67.7939297,71.30903394,-0.84206721
moli01_00500.jpeg,-25.46170163,-14.18532173,13.48326763,63.5769234,71.02299455,-0.93636069
moli01_00506.jpeg,-23.35921011,-16.54805328,13.5110521,57.19751275,70.39497836,-1.09887645
moli01_00510.jpeg,-21.76288658,-17.94656578,13.50796842,52.77456231,69.98695752,-1.20645642
moli01_00513.jpeg,-20.45369345,-18.89906697,13.52257734,49.48096999,69.60966005,-1.20297386
moli01_00517.jpeg,-18.67469646,-20.05339846,13.50540687,44.97205527,69.18057041,-1.21033633
moli01_00521.jpeg,-16.79204424,-21.03619083,13.50846906,40.34283109,68.81898854,-1.32138026
moli01_00524.jpeg,-15.3353131,-21.65685298,13.51813291,36.92796799,68.36909475,-1.32590843
moli01_00528.jpeg,-13.35470476,-22.35890079,13.51888935,32.28121576,67.86083347,-1.31146874
moli01_00532.jpeg,-11.3532688,-22.90303152,13.48428499,27.57046048,67.50460311,-1.26662815
moli01_00536.jpeg,-9.38169476,-23.26002699,13.48312463,22.80154653,67.01838201,-1.36562398
moli01_00542.jpeg,-6.36320366,-23.49852123,13.48259799,15.75904364,66.34648439,-1.31285001
moli01_00546.jpeg,-4.33564237,-23.51539392,13.49448499,10.79223125,65.85342755,-1.23411789
moli01_00550.jpeg,-2.27243512,-23.31262459,13.50275294,5.75055652,65.37033558,-1.10090652
moli01_00553.jpeg,-0.73487118,-23.0204474,13.51158583,1.96214272,64.90585645,-0.97008473
moli01_00557.jpeg,1.28338835,-22.42438586,13.48991536,-3.25347752,64.42566176,-0.79609947
moli01_00561.jpeg,3.25298112,-21.55489895,13.45713367,-8.86438864,63.7331447,-0.79866835
moli01_00565.jpeg,5.14544783,-20.61241889,13.46629326,-14.59512748,62.99435056,-0.7709285
moli01_00568.jpeg,6.5112681,-19.87167871,13.45655231,-19.01384742,62.75651357,-0.76008289
moli01_00574.jpeg,8.96319326,-18.19226109,13.42128903,-27.50132633,62.23153418,-0.66837102
moli01_00576.jpeg,9.70743581,-17.59592022,13.4200711,-30.14789745,62.05280088,-0.58526554
moli01_00582.jpeg,11.79150602,-15.72112025,13.40884459,-38.39557256,61.45342286,-0.4822524
moli01_00586.jpeg,13.03512281,-14.36062469,13.38311864,-43.76926994,61.29838609,-0.3545458
moli01_00590.jpeg,14.11702658,-12.88139165,13.35366268,-49.13372533,61.01582991,-0.24604193
moli01_00593.jpeg,14.83545971,-11.74298464,13.3368035,-53.2763396,60.83092189,-0.25844328
moli01_00597.jpeg,15.69273283,-10.16800994,13.31544016,-58.65300293,60.72802924,-0.20400845
moli01_00600.jpeg,16.26048784,-8.94978557,13.30774165,-62.71292316,60.59056905,-0.12895533
moli01_00604.jpeg,16.89594721,-7.31636094,13.30002311,-68.00437683,60.61469469,-0.02283745
moli01_00608.jpeg,17.32975188,-5.65464942,13.28002293,-73.12269187,60.66270868,0.11083723
moli01_00612.jpeg,17.58224729,-3.96023781,13.27046617,-78.28425962,60.67318764,0.20700441
moli01_00616.jpeg,17.70450953,-2.22115782,13.27149417,-83.66598874,60.55160238,0.25004587
moli01_00622.jpeg,17.73595692,0.44939391,13.31588309,-92.04080735,60.57413536,0.27075236
moli01_00626.jpeg,17.52206118,2.23106121,13.33510861,-97.53879331,60.72106415,0.2440469
moli01_00629.jpeg,17.21484284,3.54667313,13.32540199,-101.73038167,60.7150423,0.17377508
moli01_00633.jpeg,16.69163829,5.25877496,13.32914514,-107.25820537,60.75262078,0.1855238
moli01_00637.jpeg,16.0099253,6.88342341,13.32149423,-112.69989274,60.85398142,0.25259578
moli01_00640.jpeg,15.37799167,8.02591333,13.30769496,-116.68816959,60.88922378,0.3037065
moli01_00644.jpeg,14.42031927,9.47342263,13.29025666,-122.0310098,60.8692135,0.36302375
moli01_00648.jpeg,13.35201588,10.85756603,13.29081703,-127.40610071,60.8969075,0.41152626
moli01_00654.jpeg,11.54938653,12.75052496,13.3093126,-135.4672076,60.97677201,0.50174593
moli01_00658.jpeg,10.19234913,13.87278964,13.31581785,-140.92668899,61.13102733,0.48764056
moli01_00662.jpeg,8.72191025,14.84875267,13.31268796,-146.34423305,61.12437124,0.48500597
moli01_00666.jpeg,7.17401927,15.67880341,13.31315317,-151.79504006,61.12585394,0.44458584
moli01_00668.jpeg,6.50982914,15.97645006,13.31289042,-154.05238681,61.13867433,0.43644197
moli01_00672.jpeg,4.8865911,16.58434454,13.31689376,-159.39773413,61.19860312,0.42755063
moli01_00676.jpeg,3.20793578,16.9925929,13.30890716,-164.75855282,61.12334356,0.41904156
moli01_00680.jpeg,1.48806633,17.25809793,13.31255096,-170.12341699,61.06994053,0.41997033
moli01_00686.jpeg,-1.16266832,17.40888048,13.32530432,-178.44528173,61.03611734,0.35777627
moli01_00690.jpeg,-2.94297965,17.3073709,13.32871302,176.03317071,61.07473234,0.30913078
moli01_00694.jpeg,-4.70683917,17.02643984,13.33077915,170.54257653,61.1023552,0.26650866
moli01_00697.jpeg,-6.00104324,16.69618021,13.33577804,166.40440798,61.11221735,0.21550618
moli01_00701.jpeg,-7.65771369,16.09041256,13.33717662,160.91464902,61.06011014,0.15923087
moli01_00705.jpeg,-9.24217838,15.34316104,13.33476916,155.45527255,61.04463673,0.11264827
moli01_00708.jpeg,-10.37695485,14.68698638,13.34147393,151.35149412,61.04393256,0.06146608
moli01_00712.jpeg,-11.82061332,13.69020027,13.34878159,145.95335007,60.96149476,-0.01005786
moli01_00716.jpeg,-13.17481495,12.57824431,13.35776624,140.62631034,60.96817619,-0.07398511
moli01_00720.jpeg,-14.43408261,11.36367744,13.37392951,135.26456699,61.06544889,-0.12178566
moli01_00726.jpeg,-16.0880989,9.32125714,13.38316057,127.15475146,61.22300453,-0.1602588
moli01_00730.jpeg,-17.02873015,7.84039656,13.39752417,121.70774223,61.30061182,-0.17793139
moli01_00734.jpeg,-17.81259733,6.27902901,13.40886992,116.35819791,61.35724363,-0.20523022
moli01_00737.jpeg,-18.28272438,5.06612687,13.41108807,112.34284357,61.38188632,-0.24409569
moli01_00741.jpeg,-18.74822254,3.41575501,13.41072225,106.97537635,61.32318024,-0.29082471
moli01_00745.jpeg,-19.07213778,1.73723439,13.41547287,101.63371346,61.31925563,-0.35611722
moli01_00748.jpeg,-19.23523287,0.4555394,13.42204514,97.59088648,61.29165049,-0.3891389
moli01_00752.jpeg,-19.33808091,-1.30252623,13.42521135,92.12254071,61.31114,-0.41120821
moli01_00756.jpeg,-19.26966245,-3.07240392,13.44152674,86.59825805,61.40961333,-0.44152322
moli01_00760.jpeg,-19.03253829,-4.83225326,13.45268348,81.08981474,61.44942981,-0.49372627
moli01_00766.jpeg,-18.3530184,-7.40919092,13.46934507,72.79510253,61.45965877,-0.57415122
moli01_00770.jpeg,-17.68040785,-9.05058403,13.46984042,67.31036979,61.49038775,-0.62632769
moli01_00774.jpeg,-16.83866607,-10.6090015,13.47895169,61.82305525,61.38729104,-0.68063677
moli01_00777.jpeg,-16.12286114,-11.70540333,13.4741615,57.70904538,61.36695599,-0.72407061
moli01_00781.jpeg,-15.03245059,-13.04368078,13.48908133,52.26998642,61.33081973,-0.80500257
moli01_00784.jpeg,-14.11725565,-13.94778419,13.50280315,48.33906692,61.30721778,-0.80892988
moli01_00788.jpeg,-12.74852791,-15.00438955,13.52167267,43.0602522,60.92128464,-0.76651484
moli01_00792.jpeg,-11.22384696,-15.90663208,13.53037834,37.45223743,60.65410714,-0.83230879
moli01_00796.jpeg,-9.52525309,-16.5690013,13.53124009,31.66581087,60.28768818,-0.94523764
moli01_00800.jpeg,-7.68676111,-17.01321329,13.54818788,25.68617419,59.51700543,-0.98295947
moli01_00806.jpeg,-4.94056996,-17.2723247,13.52506603,16.37080263,58.3622356,-1.06241674
moli01_00810.jpeg,-3.17178611,-17.11414223,13.48500549,10.51910324,57.67068957,-1.04258628
moli01_00813.jpeg,-1.86439433,-16.85419046,13.4787588,6.16280448,56.87715004,-0.94115412
moli01_00817.jpeg,-0.17167965,-16.44193687,13.49423311,-0.08230971,55.81704872,-0.85224606
moli01_00821.jpeg,1.4701094,-15.9769589,13.48863478,-6.39159735,55.32338003,-0.80416363
moli01_00824.jpeg,2.65885963,-15.52152174,13.47139608,-11.17618804,54.86524899,-0.77738752
moli01_00828.jpeg,4.16501461,-14.82466157,13.45284762,-17.79179713,54.41658292,-0.84820858
moli01_00832.jpeg,5.53619334,-14.06067196,13.41314402,-24.18504766,54.08897403,-0.91966057
moli01_00836.jpeg,6.79895764,-13.16349393,13.39277122,-30.13167244,53.74373694,-0.87884988
moli01_00842.jpeg,8.53353374,-11.72173031,13.48137616,-32.43133718,53.1132578,-1.13992787
moli01_00846.jpeg,9.27691499,-11.07632067,13.49840539,-32.45993349,53.07930592,-1.25894673
moli01_00850.jpeg,9.61765435,-10.7437624,13.48135246,-32.48367725,53.09137613,-1.368432
moli01_00854.jpeg,9.64745221,-10.62765806,13.46191926,-32.55765256,53.10276827,-1.41485994
moli01_00856.jpeg,9.60568039,-10.60396617,13.44904895,-32.6864984,53.0538994,-1.38780314
moli01_00862.jpeg,9.49215189,-10.58028618,13.43902552,-35.63496231,52.68656635,-1.10594825
moli01_00866.jpeg,9.42724208,-10.55854589,13.45585816,-36.14870453,52.60032617,-1.01311497
moli01_00869.jpeg,9.36755007,-10.54451984,13.46237332,-36.15757039,52.5342552,-0.95274796
moli01_00872.jpeg,9.29534461,-10.51909103,13.45924061,-36.13773641,52.46315322,-0.90084947
moli01_00878.jpeg,9.17516913,-10.41271829,13.45547552,-36.29492667,52.49693736,-0.84343808
moli01_00880.jpeg,9.21175238,-10.32401655,13.45546329,-36.4335655,52.50970538,-0.85228417
moli01_00884.jpeg,9.43565275,-10.03910222,13.45687623,-36.72757307,52.51282748,-0.8685299
moli01_00890.jpeg,10.09586934,-9.33374361,13.45765357,-37.59640109,52.56508466,-0.87809025
moli01_00892.jpeg,10.3883352,-9.02390458,13.45550176,-38.27505337,52.56739695,-0.85188612
moli01_00897.jpeg,11.24588477,-8.09081495,13.44452617,-42.21163928,52.43098117,-0.73851822
moli01_00900.jpeg,11.8125688,-7.40304299,13.43367432,-45.61181259,52.37194386,-0.66737285
moli01_00904.jpeg,12.58698888,-6.32548943,13.43939384,-49.75241902,52.27459919,-0.61210628
moli01_00908.jpeg,13.3572686,-5.09781709,13.44599351,-52.89930511,52.36693918,-0.60883885
moli01_00912.jpeg,14.06297913,-3.72091727,13.42696611,-56.36056188,52.3455657,-0.55693145
moli01_00916.jpeg,14.67188525,-2.1782717,13.37581565,-61.41143577,52.23579844,-0.45540346
moli01_00922.jpeg,15.31804071,0.42904772,13.35625432,-72.21600968,52.39048566,-0.32084936
moli01_00926.jpeg,15.52298782,2.31297994,13.35037658,-77.8423141,52.58690833,-0.29946592
moli01_00929.jpeg,15.52449115,3.77041902,13.32626754,-81.46396397,52.5224323,-0.29307036
moli01_00933.jpeg,15.34073894,5.70220978,13.27961877,-87.02049921,52.43362922,-0.20935168
moli01_00937.jpeg,14.96593625,7.64509174,13.25394692,-93.60705749,52.47902999,-0.16310753
moli01_00941.jpeg,14.4091395,9.5609844,13.17885031,-98.99551969,52.58354635,-0.19182504
moli01_00944.jpeg,13.86668638,10.91101587,13.06993898,-102.3326061,52.60215563,-0.08043317
moli01_00948.jpeg,13.01140342,12.58168286,12.82372183,-106.69254467,52.60883988,0.0
moli01_00952.jpeg,11.99644888,14.06771843,12.48669816,-111.13007514,52.64634976,0.04312997
moli01_00958.jpeg,10.09769179,15.79382607,11.8469399,-120.47184747,52.6846451,-0.03600947
moli01_00961.jpeg,9.00622845,16.37338377,11.55159105,-127.15494026,52.74583053,-0.06117161
moli01_00966.jpeg,7.01487981,16.99271281,11.13734263,-138.72105719,52.93235788,-0.02129055
moli01_00969.jpeg,5.7575709,17.14480832,10.90972048,-143.86607704,53.01406579,-0.10869245
moli01_00973.jpeg,4.04094588,17.15516174,10.67668584,-149.09194251,53.02219808,-0.16065886
moli01_00977.jpeg,2.29511195,17.02304003,10.49830422,-153.94558448,52.94608249,-0.1762225
moli01_00980.jpeg,0.98585155,16.84222891,10.38666818,-157.95865609,52.95049022,-0.18269999
moli01_00984.jpeg,-0.76068597,16.44885171,10.24138285,-164.20843759,52.97428726,-0.15534677
moli01_00988.jpeg,-2.4902713,15.88769031,10.15902812,-170.97566831,53.11496567,-0.18733379
moli01_00992.jpeg,-4.14632224,15.10330376,10.06703064,-179.52129364,53.01039585,-0.15521728
moli01_00998.jpeg,-6.35667584,13.52132514,9.93136372,165.60638441,53.05352706,-0.34966504
moli01_01002.jpeg,-7.50905434,12.3471513,9.90437848,158.5140783,53.18019961,-0.49577364
moli01_01005.jpeg,-8.34067375,11.29815983,9.85850406,155.32105967,53.12142711,-0.54001571
moli01_01008.jpeg,-9.07899615,10.21979943,9.82066644,152.69965943,53.11473312,-0.55905115
moli01_01012.jpeg,-9.87256063,8.79743525,9.73417452,147.16953616,52.97850034,-0.65013057
moli01_01016.jpeg,-10.3822082,7.45378919,9.6671328,138.28129593,52.85888841,-0.75803627
moli01_01022.jpeg,-10.71040004,5.64825192,9.57429062,126.3613951,52.69811486,-0.96402
moli01_01026.jpeg,-10.82149917,4.60363289,9.55208988,122.95824279,52.64135996,-1.07646818
moli01_01030.jpeg,-10.87052596,3.68102884,9.53133875,120.64472462,52.57221313,-1.11289996
moli01_01034.jpeg,-10.8887315,2.80635325,9.49850153,117.17513562,52.4410497,-1.09336358
moli01_01037.jpeg,-10.89403686,2.11939219,9.46177223,113.80246668,52.32324692,-1.00693403
moli01_01041.jpeg,-10.88678717,1.15078291,9.41698826,109.39071353,52.23676504,-0.92310341
moli01_01045.jpeg,-10.82156589,0.14626611,9.40391946,105.46948558,52.2388268,-0.91032123
moli01_01048.jpeg,-10.73568616,-0.62943335,9.38429522,102.87457096,52.21092516,-0.91326772
moli01_01052.jpeg,-10.5971479,-1.67823872,9.35071259,99.4740389,52.19169581,-0.91122402
moli01_01056.jpeg,-10.39388824,-2.73292179,9.31233614,96.18089806,51.39172204,-0.83579214
moli01_01060.jpeg,-10.11197479,-3.79126727,9.27990574,92.81041772,50.47149498,-0.74943232
moli01_01064.jpeg,-9.77781119,-4.83218819,9.26338469,90.07336662,50.22109712,-0.71130452
moli01_01070.jpeg,-9.16565233,-6.29442235,9.24374606,85.19845111,53.49893483,-0.74753143
moli01_01074.jpeg,-8.76230991,-7.22454859,9.23667802,82.04052774,55.69177316,-0.71260334
moli01_01077.jpeg,-8.42068373,-7.87636205,9.22095285,79.06131709,55.72249614,-0.6210901
moli01_01081.jpeg,-7.86776098,-8.71594109,9.17923726,73.27913888,55.60041217,-0.3925296
moli01_01084.jpeg,-7.38982807,-9.31476726,9.1684079,68.39785553,55.65954364,-0.28715552
moli01_01088.jpeg,-6.69064186,-10.06917222,9.15635262,62.48203513,55.7698725,-0.23831768
moli01_01092.jpeg,-5.90530431,-10.76187835,9.1347895,57.94889322,55.8076137,-0.19981147
moli01_01096.jpeg,-5.07089188,-11.39866185,9.11217549,53.93412321,55.77557113,-0.17207672
moli01_01100.jpeg,-4.1934703,-11.98177711,9.08952946,49.88832815,55.75013976,-0.16813017
moli01_01106.jpeg,-2.79332629,-12.72336266,9.05060524,43.90812723,55.76199787,-0.16320416
moli01_01110.jpeg,-1.78628815,-13.11664308,9.01128542,40.29186381,55.82881837,-0.15984585
moli01_01113.jpeg,-1.02667104,-13.36155641,8.99025743,37.54522731,55.87617932,-0.16064136
moli01_01117.jpeg,0.02224374,-13.63871743,8.97117045,33.78191039,55.83498737,-0.17199581
moli01_01121.jpeg,1.09812693,-13.83175141,8.94539032,29.88947441,55.76628311,-0.16605763
moli01_01124.jpeg,1.90455513,-13.92358815,8.91715376,26.63758811,55.74821349,-0.11678094
moli01_01128.jpeg,2.95513673,-13.98000794,8.88725844,21.95472695,55.69796302,-0.05364674
moli01_01132.jpeg,4.02561235,-13.97381204,8.8630645,17.28397417,55.70974679,0.03077797
moli01_01138.jpeg,5.65619169,-13.81283867,8.81202272,10.20329036,55.7840072,0.1697826
moli01_01142.jpeg,6.73834145,-13.59671461,8.78631335,5.48441512,55.78170959,0.29621224
moli01_01146.jpeg,7.79107381,-13.26641501,8.75876275,0.32275971,55.77458252,0.41640372
moli01_01150.jpeg,8.85346555,-12.86538114,8.77080683,-5.04397781,55.87575678,0.47814977
moli01_01153.jpeg,9.61491706,-12.49765565,8.77773593,-8.8578804,55.96494391,0.5154451
moli01_01157.jpeg,10.58283435,-11.92234099,8.77187941,-13.80151372,56.11565963,0.55629829
moli01_01161.jpeg,11.51559574,-11.25917622,8.76557529,-18.52135804,56.14159766,0.5739687
moli01_01164.jpeg,12.18062642,-10.68779178,8.75531678,-22.0370961,56.18570111,0.57865654
moli01_01168.jpeg,12.97411335,-9.83826078,8.72436702,-27.118154,56.10761524,0.62165364
moli01_01174.jpeg,13.98190851,-8.41857965,8.68593136,-37.07732071,56.06174331,0.67249499
moli01_01178.jpeg,14.53088346,-7.37211278,8.66232266,-43.79025107,56.15396872,0.64061148
moli01_01182.jpeg,14.95135344,-6.23795841,8.64181271,-50.05228454,56.19345178,0.58447047
moli01_01186.jpeg,15.28501217,-5.04199346,8.6341491,-55.58488981,56.39685328,0.46170845
moli01_01188.jpeg,15.42635469,-4.41564253,8.64284592,-57.80112783,56.50944899,0.3831066
moli01_01193.jpeg,15.72956129,-2.83694904,8.67084332,-60.09743088,56.63696389,0.20374886
moli01_01197.jpeg,15.87932696,-1.70905209,8.69595489,-60.70577245,56.43410641,0.12960678
moli01_01200.jpeg,15.97530884,-0.9680731,8.78716027,-61.36387833,56.44951952,0.07732264
moli01_01205.jpeg,16.09744336,0.0769004,8.97963934,-61.85542874,56.45619572,-0.10602937
moli01_01210.jpeg,16.15245443,0.86207874,9.18587559,-62.07697502,56.38597865,-0.23126387
moli01_01212.jpeg,16.12680144,1.1087657,9.22796352,-62.76345587,56.14317268,-0.22786554
moli01_01216.jpeg,15.9841832,1.58348184,9.20382617,-68.52391008,55.33158575,-0.23116875
moli01_01222.jpeg,16.05558456,2.50956054,9.32126243,-79.85243744,55.91896824,-0.15793149
moli01_01224.jpeg,16.07422546,2.92138924,9.34828641,-81.37347392,56.22483718,-0.23507604
moli01_01229.jpeg,16.04472331,4.0467824,9.2296407,-82.61607323,56.45193372,-0.40952338
moli01_01233.jpeg,16.00576614,5.01592937,9.03856469,-83.23710985,56.48777061,-0.48568384
moli01_01238.jpeg,15.88463275,6.25287789,8.81066602,-84.42632363,56.32536706,-0.41726275
moli01_01240.jpeg,15.82678057,6.7512016,8.72366275,-85.17468853,56.37026085,-0.3991651
moli01_01244.jpeg,15.64130957,7.73433729,8.54220341,-87.71237589,56.21307923,-0.30497895
moli01_01250.jpeg,15.23196558,9.1785622,8.25933855,-91.85769065,56.19240753,-0.1518101
moli01_01252.jpeg,15.05439617,9.62421632,8.16807462,-93.30384885,56.2538833,-0.11435692
moli01_01258.jpeg,14.39927548,10.91497082,7.91649668,-100.08996334,56.51095016,0.04197793
moli01_01260.jpeg,14.1343943,11.3306361,7.83379297,-102.72951226,56.528079,0.0756286
moli01_01266.jpeg,13.21797778,12.48961816,7.56532064,-108.05118242,56.38335511,0.08543177
moli01_01269.jpeg,12.74563701,12.98261551,7.41441446,-109.95321106,56.19330235,0.00066431
moli01_01273.jpeg,12.16771906,13.5193161,7.23669951,-113.96630266,56.17423347,-0.02787181
moli01_01276.jpeg,11.7281077,13.84950788,7.09479788,-117.75412413,56.02073166,-0.04291642
moli01_01280.jpeg,11.20146288,14.2347673,6.91175421,-122.41572947,55.94858429,-0.10408664
moli01_01285.jpeg,10.56134481,14.67042329,6.71976132,-126.79710817,55.90439292,-0.06299389
moli01_01288.jpeg,10.158021,14.9115949,6.62481302,-129.34691235,55.78776532,0.00441292
moli01_01292.jpeg,9.57600192,15.28867704,6.52343032,-132.61355932,55.8575148,0.06572344
moli01_01298.jpeg,8.49049025,15.91704609,6.40766637,-137.71591921,55.87025019,0.10485457
moli01_01302.jpeg,7.61924465,16.35517584,6.35550785,-141.80293058,55.84840109,0.1588359
moli01_01306.jpeg,6.62955217,16.74985667,6.29645947,-146.88741634,55.80068495,0.26171025
moli01_01309.jpeg,5.80702974,17.00540562,6.24089423,-150.43219048,55.77890736,0.31810581
moli01_01313.jpeg,4.63161602,17.25775977,6.19906364,-154.63380098,55.80731915,0.40476039
moli01_01316.jpeg,3.71582341,17.42017074,6.19147137,-157.2287389,55.41809159,0.45206879
moli01_01322.jpeg,1.77689401,17.5794701,6.15156562,-161.42479989,55.20591098,0.56492058
moli01_01324.jpeg,1.10109013,17.56822136,6.15733083,-163.11919665,55.44006425,0.47387938
moli01_01330.jpeg,-0.8758338,17.40755194,6.05358112,-168.88728833,62.14067812,0.78303492
moli01_01332.jpeg,-1.50916289,17.40251956,6.08074645,-174.36730219,63.57785412,0.84411294
moli01_01338.jpeg,-3.31508497,16.83409612,6.07803456,169.89037229,66.07526181,0.78519054
moli01_01342.jpeg,-4.54863531,16.26811301,6.03807186,166.54300019,65.95645816,0.56735942
moli01_01345.jpeg,-5.39804299,15.823453,6.00748891,165.43091638,65.91072156,0.53410557
moli01_01348.jpeg,-6.20497104,15.36420746,5.96862073,163.87305117,65.82778884,0.51819915
moli01_01352.jpeg,-7.23150085,14.71182519,5.92370243,160.21894796,65.80162884,0.53807334
moli01_01356.jpeg,-8.2026244,14.00184349,5.88082257,156.05445732,65.74567058,0.53948833
moli01_01360.jpeg,-9.10170996,13.2548667,5.83432592,151.87740561,65.68633714,0.56374557
moli01_01366.jpeg,-10.30979716,12.07094549,5.7668179,145.29928627,65.66451947,0.6025244
moli01_01370.jpeg,-11.02294607,11.22597742,5.72318834,140.963091,65.65262641,0.63989145
moli01_01374.jpeg,-11.65946123,10.35321396,5.67998471,136.94474522,65.68100553,0.66364305
moli01_01377.jpeg,-12.08331418,9.67723044,5.64455531,133.88840262,65.63800622,0.66027569
moli01_01381.jpeg,-12.56978544,8.76516853,5.60073212,129.80250512,65.66606757,0.67852583
moli01_01384.jpeg,-12.87864894,8.07127939,5.56483492,126.93083635,65.67117966,0.6874087
moli01_01388.jpeg,-13.24609853,7.11853447,5.53418604,123.89656352,65.74803673,0.61960807
moli01_01392.jpeg,-13.57105714,6.13228312,5.50491667,121.7234228,65.66471674,0.59268426
moli01_01396.jpeg,-13.87959449,5.07086605,5.46638625,119.08445586,65.5754088,0.59256856
moli01_01402.jpeg,-14.25742577,3.33420457,5.41440817,112.62939968,65.54752784,0.65384856
moli01_01406.jpeg,-14.40708274,2.09573208,5.3838478,108.5432929,65.52151047,0.67963461
moli01_01410.jpeg,-14.48571973,0.83296762,5.34436197,104.89721241,65.5479348,0.6650181
moli01_01413.jpeg,-14.48760776,-0.13166672,5.32767644,102.01414293,65.53975048,0.69143782
moli01_01417.jpeg,-14.40823736,-1.46138965,5.29790045,97.80371029,65.48351137,0.68591793
moli01_01421.jpeg,-14.20459302,-2.79214041,5.26677002,93.64072504,65.52396727,0.71577388
moli01_01424.jpeg,-13.9516262,-3.7178775,5.26673286,89.41609504,66.43253153,0.63342739
moli01_01430.jpeg,-13.15263721,-5.46237888,5.55416008,79.47722488,69.9135636,0.61877156
moli01_01434.jpeg,-12.52357446,-6.48279404,5.61155023,76.74617185,70.50516982,0.47485419
moli01_01436.jpeg,-12.18252778,-6.95106495,5.61896011,75.26584534,70.59850338,0.3759521
moli01_01442.jpeg,-10.96089213,-8.17957992,5.5826458,67.75963619,70.82497621,0.19420668
moli01_01446.jpeg,-9.91609151,-8.75604718,5.5738102,64.48650654,70.61933475,0.02184011
moli01_01450.jpeg,-8.80019056,-9.19043315,5.55937409,62.33754335,70.59214569,-0.0932232
moli01_01453.jpeg,-7.90756873,-9.4232359,5.55521568,60.69718336,70.66000258,-0.19939794
moli01_01457.jpeg,-6.62671471,-9.59504805,5.52950177,58.32345267,70.75724145,-0.33316039
moli01_01461.jpeg,-5.25326627,-9.57694571,5.49713582,56.08967977,70.8185645,-0.49484281
moli01_01464.jpeg,-4.21988798,-9.46793311,5.50017526,54.67589186,70.87650784,-0.59984267
moli01_01468.jpeg,-3.11017787,-9.27665972,5.47565091,52.82722559,71.03219015,-0.78907445
moli01_01472.jpeg,-2.4180733,-9.07223404,5.34460721,49.45605318,70.94219239,-0.86596609
moli01_01476.jpeg,-2.15496932,-8.92884354,5.21519499,44.0367831,70.69940103,-0.90701366
moli01_01482.jpeg,-2.19467192,-8.86284277,5.09090845,36.12671516,71.11995822,-1.41643217
moli01_01486.jpeg,-2.13476333,-8.87927968,5.05487811,33.46216745,70.91872736,-1.54229952
moli01_01488.jpeg,-2.03202523,-8.92676174,5.04775846,32.63955654,70.83970103,-1.595065
moli01_01492.jpeg,-1.67462864,-9.12501997,5.02056242,31.03553393,70.65280859,-1.65949925
moli01_01496.jpeg,-1.08953771,-9.43918726,5.00845879,29.17184624,70.5020384,-1.68664277
moli01_01500.jpeg,-0.29472366,-9.8432143,4.97212398,25.29177362,70.4517853,-1.67806535
moli01_01504.jpeg,0.70470703,-10.26987554,4.94333954,20.2411704,70.3734738,-1.54949177
moli01_01508.jpeg,1.87152671,-10.62994249,4.9085572,13.8707122,70.32749916,-1.36533864
moli01_01512.jpeg,3.2093565,-10.81794464,4.89324534,5.84550353,70.33526153,-1.09287191
moli01_01518.jpeg,5.47203329,-10.76538325,4.8814544,-3.51820697,70.46318451,-0.7816189
moli01_01522.jpeg,6.96142586,-10.52714096,4.86189979,-9.54192984,70.45246131,-0.73909433
moli01_01524.jpeg,7.6695854,-10.25420377,4.8461018,-15.02155104,70.18902387,-0.42960147
moli01_01530.jpeg,9.26446303,-9.42913464,4.86684561,-33.82582839,70.18929922,-0.83297669
moli01_01532.jpeg,9.55881439,-9.22836562,4.87425603,-37.12424001,70.39576776,-1.14289307
moli01_01537.jpeg,9.80126715,-8.92112867,4.85297975,-42.83314883,70.17226763,-1.17260138
moli01_01542.jpeg,9.90270982,-8.70479269,4.84072759,-48.30164199,70.37466555,-1.33830082
moli01_01545.jpeg,10.01349186,-8.5488345,4.84154457,-50.18205785,70.55371756,-1.50174894
moli01_01548.jpeg,10.15630304,-8.33452248,4.83704096,-51.15328893,70.70604305,-1.6104518
moli01_01552.jpeg,10.40259955,-7.97686122,4.85041459,-51.64559587,70.77389486,-1.64809385
moli01_01558.jpeg,10.89544462,-7.33007499,4.87059767,-52.20476946,70.7507634,-1.44418688
moli01_01562.jpeg,11.26754167,-6.82335595,4.87013654,-52.35979213,70.6261348,-1.40756111
moli01_01566.jpeg,11.69384406,-6.25232112,4.86656864,-52.48785881,70.56168072,-1.30070865
moli01_01569.jpeg,12.05556896,-5.78893318,4.87329528,-52.84475472,70.55637964,-1.26415956
moli01_01573.jpeg,12.55158476,-5.14031076,4.86793123,-53.03409438,70.48356264,-1.26893037
moli01_01577.jpeg,13.06459025,-4.50942684,4.84474707,-53.19085969,70.3795769,-1.28917333
moli01_01582.jpeg,13.718405,-3.67738733,4.82063212,-54.30608177,70.17612568,-1.17347263
moli01_01586.jpeg,14.22543969,-2.99091701,4.79468392,-56.74733281,69.94573368,-1.02628105
moli01_01588.jpeg,14.4754103,-2.6342009,4.78827716,-58.34705505,69.90534294,-0.93642303
moli01_01594.jpeg,15.19932149,-1.51579526,4.76472147,-61.74061731,70.16823991,-0.90904023
moli01_01598.jpeg,15.61953772,-0.74902994,4.74925438,-62.99624552,70.14022411,-0.74861508
moli01_01602.jpeg,16.01186412,0.06002385,4.72932206,-65.19000065,69.97543967,-0.57095472
moli01_01606.jpeg,16.38857722,0.9081267,4.7120304,-68.22233252,69.80049848,-0.36923163
moli01_01609.jpeg,16.64970175,1.58064896,4.70054286,-70.88518279,69.80505147,-0.17828318
moli01_01613.jpeg,16.93680609,2.54504773,4.68713633,-74.79971561,69.73043808,0.070654
moli01_01616.jpeg,17.1154973,3.31692489,4.68061965,-77.97690529,69.78557326,0.15950681
moli01_01620.jpeg,17.27862779,4.39998821,4.66232812,-81.93169158,69.89548004,0.21874308
moli01_01626.jpeg,17.3872896,6.0744581,4.63944597,-87.83806256,69.75310638,0.40196303
moli01_01628.jpeg,17.38332764,6.64867983,4.63478504,-90.49702685,69.71032306,0.4848942
moli02_00000.jpeg,17.34220436,7.33068307,4.62980494,-93.75931895,69.76895295,0.54176697
moli02_00004.jpeg,17.20500551,8.41244677,4.62085634,-98.4397913,69.96388452,0.62117503
moli02_00010.jpeg,16.84568653,10.15365379,4.60999347,-105.06320869,70.06973365,0.67333232
moli02_00014.jpeg,16.50954414,11.30312845,4.59453127,-109.75107886,70.16618038,0.62176698
moli02_00018.jpeg,16.04460755,12.42622797,4.57930979,-115.31775481,70.18644989,0.66370872
moli02_00021.jpeg,15.59959686,13.25330248,4.57548395,-120.36853099,70.3108941,0.70535655
moli02_00024.jpeg,15.07219178,14.04404222,4.56442717,-125.53425086,70.4156466,0.74822204
moli02_00029.jpeg,14.06829712,15.26352101,4.55594966,-132.94632655,70.7559997,0.70695024
moli02_00032.jpeg,13.40266447,15.93508207,4.5614244,-136.66035485,70.85933869,0.67390485
moli02_00036.jpeg,12.44435941,16.75892346,4.55461914,-141.43930282,70.87600404,0.56946233
moli02_00042.jpeg,10.88723708,17.7983866,4.54328032,-149.67442747,70.8030767,0.41426986
moli02_00044.jpeg,10.35142394,18.10899177,4.54774044,-152.72220265,70.99877961,0.37811365
moli02_00048.jpeg,9.22445479,18.63594177,4.54262115,-158.84282955,71.14199077,0.27353203
moli02_00054.jpeg,7.44172356,19.21305782,4.52588278,-166.51448413,71.01261726,0.11864202
moli02_00058.jpeg,6.21887733,19.47811785,4.53585965,-171.16877869,70.99906106,-0.02526139
moli02_00061.jpeg,5.30057056,19.62719257,4.53968049,-174.49526379,71.06457775,-0.08809635
moli02_00065.jpeg,4.07455562,19.74984693,4.5496868,179.81441237,71.47307491,-0.13316424
moli02_00068.jpeg,3.14268023,19.706789,4.54710864,173.83573105,71.48976877,-0.19537376
moli02_00072.jpeg,1.90509514,19.51972649,4.53398674,167.13965024,71.0949605,-0.25609774
moli02_00076.jpeg,0.6934849,19.23664456,4.52831279,162.932809,70.91821154,-0.3822324
moli02_00080.jpeg,-0.49281972,18.85806199,4.52102208,159.1849406,70.78612152,-0.50358255
moli02_00084.jpeg,-1.67490386,18.41134766,4.5203092,155.32272527,70.71004354,-0.59624597
moli02_00090.jpeg,-3.3986059,17.54145322,4.51903858,149.60656366,70.67865728,-0.70811163
moli02_00093.jpeg,-4.18199292,16.98644313,4.52478148,146.8184603,70.68759252,-0.74821464
moli02_00097.jpeg,-5.11760277,16.15495469,4.54000303,144.42930705,70.68889244,-0.94212527
moli02_00101.jpeg,-5.8973312,15.35627855,4.54201303,143.69566698,70.61261177,-1.11922627
moli02_00105.jpeg,-6.51724196,14.66871292,4.54068797,143.33896265,70.58572153,-1.27746286
moli02_00109.jpeg,-6.99790383,14.04500673,4.43417282,143.14933472,70.62094488,-1.36291657
moli02_00112.jpeg,-7.24692314,13.56813612,4.33337277,143.04370071,70.66686835,-1.38452904
moli02_00116.jpeg,-7.42890069,12.90243081,4.21235585,142.93470579,70.73016224,-1.45063911
moli02_00122.jpeg,-7.46035284,11.81381946,3.87372884,142.93247874,70.9409982,-1.45321676
moli02_00126.jpeg,-7.34568044,11.04493264,3.58251094,142.94184266,71.02777933,-1.45351907
moli02_00130.jpeg,-7.1564058,10.26120726,3.48238607,143.07501752,70.93361901,-1.34336283
moli02_00134.jpeg,-6.97532632,9.58041481,3.48671883,142.99443004,70.98673075,-1.41730502
moli02_00138.jpeg,-6.8952016,9.20855128,3.48672396,142.83332969,71.03598912,-1.58306415
moli02_00142.jpeg,-6.87009971,9.0390828,3.47512455,142.75102026,70.98947413,-1.67711728
moli02_00144.jpeg,-6.87227256,8.9970245,3.43982875,142.73503208,70.92472135,-1.70314123
moli02_00152.jpeg,-6.89961055,9.00189366,3.19675409,142.61098266,70.87384527,-1.81205367
moli02_00160.jpeg,-7.33459002,8.72973787,3.19978712,142.25174106,70.94768095,-1.97562969
moli02_00166.jpeg,-8.0119825,8.18727294,3.19488221,141.87280102,73.36455965,-2.54850257
moli02_00170.jpeg,-8.57094251,7.82880187,3.19850095,141.80505929,74.48713767,-2.55936916
moli02_00174.jpeg,-9.10106069,7.46388729,3.20495016,141.79545927,74.35125296,-2.40168076
moli02_00178.jpeg,-9.54964801,7.1388719,3.21255189,141.61644996,74.3097833,-2.53365978
moli02_00182.jpeg,-9.77361849,6.96176321,3.22963538,141.33760082,74.21615578,-2.66191988
moli02_00184.jpeg,-9.85158579,6.90697624,3.23959456,141.1346943,74.2072673,-2.72431461
moli02_00188.jpeg,-10.120163,6.73435033,3.24931368,140.57633077,74.25560965,-2.86538257
moli02_00192.jpeg,-10.55004597,6.41728908,3.25489248,137.91408977,74.02253304,-2.68186029
moli02_00196.jpeg,-11.109986,5.95011315,3.27121018,133.18633445,73.97089449,-2.4859889
moli02_00200.jpeg,-11.7374916,5.35196282,3.28085438,129.21641918,73.98662116,-2.2770945
moli02_00205.jpeg,-12.5298507,4.40737482,3.28534477,125.02951028,73.7163747,-1.96260857
moli02_00210.jpeg,-13.28865242,3.2476762,3.41875357,119.11539393,73.63904903,-1.34022385
moli02_00213.jpeg,-13.70901209,2.46599579,3.53320494,115.43595727,73.66246038,-0.904971
moli02_00218.jpeg,-14.24943757,1.10744395,3.65577614,108.19936883,73.55942579,-0.14685723
moli02_00222.jpeg,-14.52092587,-0.06255045,3.69148831,99.23643092,73.56432801,0.17843589
moli02_00224.jpeg,-14.60506716,-0.67700962,3.7226903,94.3103069,73.86046993,0.21252557
moli02_00228.jpeg,-14.62113882,-1.92736605,3.75140711,88.1181909,73.97947994,0.25543932
moli02_00234.jpeg,-14.38099444,-3.69541705,3.77799092,83.51121564,73.97692007,0.19786784
moli02_00236.jpeg,-14.24800312,-4.24493658,3.78651532,81.20376866,74.07061525,0.21515189
moli02_00242.jpeg,-13.58213508,-5.8075018,3.85244118,72.88334858,74.27070041,0.10438553
moli02_00244.jpeg,-13.29691119,-6.26113706,3.8651863,70.49688137,74.23221446,0.04240759
moli02_00250.jpeg,-12.57988952,-7.26241834,3.88001758,68.70945807,74.04564765,-0.33252196
moli02_00253.jpeg,-12.4618275,-7.4585005,3.87063468,68.97145573,73.96601224,-0.46693892
moli02_00256.jpeg,-12.43821994,-7.5508882,3.86953089,70.30424906,73.87926043,-0.70631064
moli02_00261.jpeg,-12.52730806,-7.60595148,3.87074061,77.98358924,74.30933309,-1.11847588
moli02_00264.jpeg,-12.59811852,-7.58945506,3.8664144,84.51090024,74.51680002,-1.7587455
moli02_00270.jpeg,-12.55728576,-7.54881876,3.83551225,95.97461974,73.35473576,-1.94898902
moli02_00274.jpeg,-12.57931622,-7.54755008,3.84776506,96.83037551,73.6292163,-2.14973482
moli02_00276.jpeg,-12.58243115,-7.5550945,3.847217,96.96897642,73.55847826,-2.14527091
moli02_00282.jpeg,-12.5831051,-7.55166349,3.84583838,99.46440082,73.52349599,-2.39587051
moli02_00284.jpeg,-12.5544162,-7.55285632,3.8461785,99.82870606,73.52318224,-2.51462621
moli02_00288.jpeg,-12.33880324,-7.59991384,3.85306753,100.81622191,73.62424276,-2.67258337
moli02_00294.jpeg,-11.61231631,-7.80670438,3.83933791,104.65630738,73.57838724,-2.90127032
moli02_00296.jpeg,-11.2885203,-7.91110325,3.84182004,105.28719356,73.6962491,-2.94164386
moli02_00300.jpeg,-10.54026999,-8.23213991,3.95818233,105.75371025,73.73133871,-3.0165897
moli02_00304.jpeg,-9.838668,-8.6748956,4.06881138,106.8350723,73.47203263,-3.16007141
moli02_00310.jpeg,-9.09505637,-9.68057931,4.10192442,111.76602847,73.32586017,-3.50478951
moli02_00312.jpeg,-8.97886466,-10.13025369,4.10785005,112.93851348,73.37579168,-3.61822589
moli02_00318.jpeg,-8.95224058,-11.7639779,4.13926288,115.83194853,73.4603422,-3.72635915
moli02_00322.jpeg,-9.08652595,-12.95766967,4.14774917,116.40351187,73.95154939,-4.02321229
moli02_00326.jpeg,-9.14140512,-14.1269298,4.15411657,115.51513801,74.293351,-4.17658271
moli02_00329.jpeg,-9.07044121,-14.9668733,4.14780046,113.99396967,74.40088242,-4.16284052
moli02_00333.jpeg,-8.79313341,-16.00942543,4.14710407,110.61894556,74.40925836,-4.19599201
moli02_00336.jpeg,-8.49332224,-16.63718802,4.14374579,108.28745985,74.38626651,-4.09813709
moli02_00342.jpeg,-7.64193499,-17.8359988,4.1406648,104.59907609,74.48789971,-4.02196392
moli02_00346.jpeg,-7.02705369,-18.49337448,4.12829685,103.4700903,74.30877319,-3.9143842
moli02_00350.jpeg,-6.42518143,-19.10434757,4.11568917,103.25843122,74.28671214,-3.76123348
moli02_00354.jpeg,-5.81321153,-19.7203236,4.11544674,103.46372044,74.22134265,-3.42197253
moli02_00358.jpeg,-5.20615487,-20.35695099,4.11852714,103.66946957,74.18972144,-3.20407336
moli02_00361.jpeg,-4.72940376,-20.85465982,4.13075426,103.79982085,74.15521964,-3.07628764
moli02_00365.jpeg,-4.08323008,-21.52826878,4.14688784,103.93034921,74.19017062,-2.93550226
moli02_00368.jpeg,-3.57658477,-22.03750022,4.15973734,103.89679283,74.22520901,-2.96311661
moli02_00372.jpeg,-2.87469267,-22.70681917,4.1782666,103.91159341,74.24373148,-2.93530167
moli02_00376.jpeg,-2.15276524,-23.35105344,4.20579459,103.96400795,74.24778196,-2.84633763
moli02_00380.jpeg,-1.41022798,-23.97213992,4.20837738,103.63098017,74.30292726,-2.76598458
moli02_00384.jpeg,-0.62870292,-24.56635779,4.2124072,102.81186161,74.32668718,-2.7303486
moli02_00390.jpeg,0.57449557,-25.29018318,4.27685161,98.36386873,74.33311587,-2.54576981
moli02_00394.jpeg,1.3001596,-25.65565949,4.49311653,97.31067854,74.26981871,-2.4858174
moli02_00397.jpeg,1.75167936,-25.8982324,4.71420986,97.10736308,74.25190461,-2.50008758
moli02_00400.jpeg,2.14036576,-26.11201043,4.94440545,96.99503589,74.24128277,-2.52166044
moli02_00422.jpeg,3.65518203,-26.2828567,5.84726694,44.11611119,70.70326963,0.26389962
moli02_00426.jpeg,3.82760889,-26.15249232,5.85605972,43.33696552,67.25651772,0.11731802
moli02_00428.jpeg,3.88654366,-26.08704875,5.85322991,43.28608856,67.14413072,0.0346059
moli02_00434.jpeg,3.94508356,-25.93914165,5.83113578,43.1581842,59.97148006,-0.11006155
moli02_00436.jpeg,3.93316138,-25.91793396,5.83053076,43.09549408,58.73092485,-0.14453941
moli02_00442.jpeg,3.83147482,-25.90329484,5.82733644,31.55824151,59.07875423,0.23581835
moli02_00446.jpeg,3.81891594,-25.89136162,5.84286848,26.65789657,58.84292989,0.23102554
moli02_00450.jpeg,3.80760406,-25.87605357,5.84551832,26.01810446,58.88216649,0.08401946
moli02_00452.jpeg,3.82811144,-25.87989638,5.83942181,25.96860448,58.86335646,0.04743773
moli02_00456.jpeg,4.03311197,-25.95539241,5.83642663,25.81600432,58.72520884,-0.03993849
moli02_00460.jpeg,4.43802575,-26.10891319,5.8409719,25.07428555,58.66882198,-0.06803269
moli02_00466.jpeg,5.25091059,-26.42879536,5.85154155,23.43302435,58.63286167,-0.1518829
moli02_00470.jpeg,5.84228415,-26.62810915,5.86170194,22.07836024,58.60780663,-0.16357003
moli02_00474.jpeg,6.4052418,-26.81723137,5.86352669,19.96069509,58.66001296,-0.088819
moli02_00477.jpeg,6.83859589,-26.94425298,5.87004597,17.9061981,58.61051169,0.01735278
moli02_00481.jpeg,7.4335229,-27.12331563,5.87082045,14.89302822,58.75618131,0.08379527
moli02_00484.jpeg,7.88290204,-27.22278495,5.87442436,13.30759252,58.67761404,0.11457691
moli02_00490.jpeg,8.75428876,-27.35154408,5.87849534,10.92216562,58.65505459,0.14421907
moli02_00492.jpeg,9.03575129,-27.3668657,5.87536682,9.4206681,58.6268632,0.16806765
moli02_00498.jpeg,9.84249092,-27.38387968,5.87310127,2.30743582,58.61822446,0.432137
moli02_00500.jpeg,10.10825644,-27.37720752,5.86662702,0.11249613,58.57988631,0.50336126
moli02_00506.jpeg,10.91709964,-27.2651688,5.86960094,-5.6367304,58.51328111,0.65058033
moli02_00508.jpeg,11.19059251,-27.20811502,5.86840634,-7.25873649,58.66269957,0.65504537
moli02_00514.jpeg,12.04195566,-26.9667028,5.85639791,-11.09489013,62.35499015,0.79464389
moli02_00518.jpeg,12.60585548,-26.7154145,5.84586092,-14.86495869,62.36811508,0.94575589
moli02_00521.jpeg,13.02977309,-26.49026375,5.83356633,-17.81739607,62.31098135,1.05144854
moli02_00524.jpeg,13.44565601,-26.23010729,5.82293935,-20.37002093,62.24346344,1.14390959
moli02_00528.jpeg,13.98469025,-25.84322096,5.81173297,-22.71362305,62.16750094,1.14637441
moli02_00532.jpeg,14.50231891,-25.43875988,5.80558398,-23.75262631,62.02342905,1.05887174
moli02_00536.jpeg,14.91926846,-25.13160454,5.81731805,-23.90744789,60.88187082,0.92604615
moli02_00542.jpeg,15.0620044,-24.99604486,5.78071305,-24.10588825,53.27056588,0.67370493
moli02_00546.jpeg,14.99136352,-25.03674528,5.80142127,-24.24995718,51.46860956,0.50675913
moli02_00550.jpeg,14.89250238,-25.098308,5.75879608,-24.33178046,48.35772391,0.47636058
moli02_00554.jpeg,14.78670347,-25.17297989,5.79552331,-24.45849943,46.4967243,0.32011598
moli02_00558.jpeg,14.70072708,-25.23045749,5.78931367,-24.5399735,46.47365473,0.28355489
moli02_00560.jpeg,14.6943202,-25.2317941,5.78264105,-24.60606778,46.45874681,0.26378879
moli02_00564.jpeg,14.81187347,-25.14896229,5.77914225,-24.72431504,46.38574483,0.22317787
moli02_00568.jpeg,15.08117025,-24.99289541,5.76659708,-24.82254199,46.37286935,0.14133196
moli02_00572.jpeg,15.4157818,-24.78837924,5.80433022,-24.98557853,49.55434364,-0.06132759
moli02_00578.jpeg,15.92440557,-24.56418648,5.80592863,-25.05888891,58.55714826,-0.2861145
moli02_00582.jpeg,16.21075252,-24.41391599,5.77708844,-25.99216123,59.66936336,-0.20301527
moli02_00584.jpeg,16.3490852,-24.32125068,5.76800157,-26.90537765,59.61490343,-0.17969064
moli02_00590.jpeg,16.75921473,-23.92477945,5.76932459,-28.15630686,62.64435441,-0.34942968
moli02_00593.jpeg,16.9741683,-23.69829722,5.76507888,-28.31707685,67.2281675,-0.52064969
moli02_00598.jpeg,17.33460198,-23.28090734,5.74145094,-28.60318115,72.1294282,-0.98694428
moli02_00601.jpeg,17.53074886,-23.0022364,5.73409957,-28.80354125,72.21740295,-1.00640489
moli02_00604.jpeg,17.7137654,-22.69073513,5.73567824,-29.32143599,72.29167174,-0.9902583
moli02_00608.jpeg,17.9167328,-22.14619169,5.75271902,-30.18673524,72.34659232,-0.91477709
moli02_00612.jpeg,18.02823587,-21.41497467,5.81728703,-30.91150028,72.43505481,-0.90590149
moli02_00616.jpeg,18.0610076,-20.55336311,5.91891639,-31.61730142,72.46098535,-0.89836343
moli02_00622.jpeg,18.00284122,-19.14705774,6.04229516,-32.00402095,72.51686242,-0.89803038
moli02_00626.jpeg,17.90428192,-18.17791633,6.07830295,-32.49227679,72.57410621,-0.98137851
moli02_00629.jpeg,17.78574636,-17.44963974,6.08901909,-33.03675486,72.53813706,-1.00024807
moli02_00633.jpeg,17.56636787,-16.49497631,6.09678917,-34.20700355,72.46147803,-0.9489483
moli02_00637.jpeg,17.25312449,-15.54839085,6.08623171,-35.58233562,72.38532149,-0.82086487
moli02_00640.jpeg,16.9647394,-14.84208105,6.07407511,-36.60057177,72.41452396,-0.71070637
moli02_00644.jpeg,16.50409593,-13.89847985,6.06250026,-37.64681939,72.44691355,-0.64353185
moli02_00648.jpeg,15.94404858,-12.9499073,6.04493608,-38.7415679,72.44537669,-0.62064732
moli02_00652.jpeg,15.28915737,-11.98327868,6.00507556,-40.68795461,72.34286669,-0.51352566
moli02_00658.jpeg,14.15328109,-10.55684785,5.8971546,-45.55248907,72.45692292,-0.27402414
moli02_00662.jpeg,13.36211642,-9.66788776,5.75575074,-47.60382491,72.74280069,-0.22754168
moli02_00666.jpeg,12.61735694,-8.88096091,5.50603381,-49.00880587,72.86631512,-0.26550749
moli02_00668.jpeg,12.33508279,-8.59563981,5.38383155,-49.52032568,72.89660656,-0.2982869
moli02_00672.jpeg,11.748039,-8.01611822,5.07063052,-50.33309018,72.9852279,-0.44995699
moli02_00676.jpeg,11.39053285,-7.68634058,4.72700192,-50.89804458,72.93158782,-0.52971187
moli02_00682.jpeg,11.23089925,-7.56234688,4.27195939,-51.89514226,72.82538445,-0.63165712
moli02_00686.jpeg,11.20221191,-7.53976873,4.16430524,-53.22828619,72.87471002,-0.61878789
moli02_00690.jpeg,11.10684813,-7.44581087,4.05520173,-54.12575271,73.06910474,-0.61056562
moli02_00692.jpeg,11.00271324,-7.36484827,3.99754194,-54.38918626,73.12265396,-0.54982147
moli02_00697.jpeg,10.59603268,-7.07462098,3.90793537,-55.42672405,73.2050456,-0.39895756
moli02_00702.jpeg,10.08339152,-6.68654644,3.8700694,-56.41328445,75.35752468,-0.56247264
moli02_00705.jpeg,9.73088047,-6.40321355,3.85559831,-56.73528646,75.78401445,-0.65194576
moli02_00708.jpeg,9.364954,-6.12063233,3.8602236,-56.85709465,75.86833102,-0.69367488
moli02_00712.jpeg,8.91024003,-5.79694072,3.85726168,-56.83211025,75.85732087,-0.6843469
moli02_00716.jpeg,8.51204996,-5.52612917,3.8514073,-56.79895725,75.8262178,-0.7029961
moli02_00720.jpeg,8.15142505,-5.31098082,3.8307699,-56.7690037,75.79777189,-0.74360926
moli02_00724.jpeg,7.78671522,-5.18453159,3.7646996,-56.70978386,75.65836708,-0.7296376
moli02_00730.jpeg,7.19686975,-5.3022774,3.59485667,-56.85176547,75.35322158,-0.76169753
moli02_00734.jpeg,6.96182493,-5.40382512,3.58650519,-57.09469552,75.47221248,-1.14917364
moli02_00737.jpeg,6.90046097,-5.47884681,3.59624706,-57.14386487,75.40718821,-1.24702291
moli02_00741.jpeg,6.97033002,-5.65313236,3.60023021,-57.19201334,75.20880846,-1.30155629
moli02_00745.jpeg,7.2169664,-5.89040498,3.60397258,-57.31119194,75.12251722,-1.37843672
moli02_00748.jpeg,7.42095051,-6.08842942,3.60371951,-57.38732498,75.21428264,-1.48874967
moli02_00752.jpeg,7.58874716,-6.4054804,3.60717819,-57.36878895,75.48137662,-1.63648521
moli02_00756.jpeg,7.66032502,-6.92203255,3.61548893,-57.70445607,75.3161547,-1.08590423
moli02_00762.jpeg,7.65059977,-7.5536743,3.61487077,-68.31104704,75.18244773,-1.33332278
moli02_00766.jpeg,7.64577065,-7.7521319,3.62567037,-69.80296625,75.39428389,-1.81411821
moli02_00768.jpeg,7.62810381,-7.83011578,3.62361657,-69.15450466,75.28850508,-2.10861772
moli02_00774.jpeg,7.59060088,-7.98030767,3.62455496,-62.7640645,75.12269964,-2.81816485
moli02_00777.jpeg,7.55667264,-8.04072583,3.63503596,-59.44819339,75.05926551,-2.52926138
moli02_00782.jpeg,7.4718487,-8.15267167,3.64464178,-55.18072922,75.01882459,-2.21515255
moli02_00784.jpeg,7.42681972,-8.2067689,3.65070094,-53.92770305,75.0015709,-2.163935
moli02_00788.jpeg,7.33702772,-8.30232067,3.65450545,-51.24044161,74.94936687,-2.19608733
moli02_00792.jpeg,7.2592285,-8.3873529,3.65422107,-47.671688,74.87562332,-2.29866569
moli02_00798.jpeg,7.19888379,-8.48209933,3.6538433,-42.02365464,74.79361131,-2.06281779
moli02_00800.jpeg,7.19891542,-8.49905391,3.65282321,-40.58887069,74.78179217,-2.15647975
moli02_00806.jpeg,7.398905,-8.49091642,3.67864724,-36.21801522,74.90546266,-2.84551339
moli02_00810.jpeg,7.68332819,-8.29803644,3.66973564,-34.28378086,74.96861595,-2.80514121
moli02_00813.jpeg,8.00642702,-8.08921314,3.66026959,-34.64369231,74.99297349,-2.65698047
moli02_00817.jpeg,8.58245367,-7.71432847,3.65136103,-36.19542357,75.1192255,-2.4937187
moli02_00821.jpeg,9.25459775,-7.2377707,3.63823538,-38.56407146,75.07649754,-2.30294668
moli02_00824.jpeg,9.73250272,-6.86663189,3.63460569,-41.33550897,75.03142862,-1.96497105
moli02_00828.jpeg,10.27855617,-6.36914803,3.62188361,-46.24176072,74.90556786,-1.34713608
moli02_00832.jpeg,10.69431695,-5.89194638,3.61726028,-51.60177263,74.86970004,-0.75127046
moli02_00836.jpeg,11.00842806,-5.45332947,3.61485248,-56.86119433,74.90762151,-0.05556751
moli02_00842.jpeg,11.31575953,-4.85742354,3.61052791,-65.38059508,74.94048938,0.71554602
moli02_00846.jpeg,11.4357155,-4.50631327,3.60529874,-71.08123398,74.98048715,1.11269036
moli02_00850.jpeg,11.50877322,-4.17223799,3.60060959,-75.98972246,75.05734209,1.34684144
moli02_00853.jpeg,11.54225807,-3.93458417,3.5944399,-78.62005712,75.08085259,1.20749831
moli02_00857.jpeg,11.57554706,-3.67485718,3.59221236,-80.40045228,75.09822306,1.18842111
moli02_00861.jpeg,11.60029216,-3.48621013,3.59132823,-81.63834393,75.11472264,1.06838712
moli02_00864.jpeg,11.61550838,-3.46465516,3.59761304,-83.86972782,75.12506595,1.12066182
moli02_00868.jpeg,11.61761397,-3.47985077,3.59866696,-94.32786204,75.19515749,1.66248651
moli02_00874.jpeg,11.62329299,-3.48818534,3.5999969,-109.91910903,75.62865757,2.30006189
moli02_00878.jpeg,11.57911624,-3.46975266,3.59920285,-114.75869713,75.52219687,2.39786841
moli02_00880.jpeg,11.55314079,-3.44238344,3.59949635,-116.05402087,75.50022532,2.31097155
moli02_00886.jpeg,11.41042537,-3.24987208,3.61102319,-121.9626232,75.66898092,2.35104538
moli02_00890.jpeg,11.20831043,-3.05627524,3.6098694,-126.73389111,75.56594618,2.2741972
moli02_00892.jpeg,11.09358519,-2.95507562,3.61108118,-128.56809488,75.56551838,2.21573594
moli02_00897.jpeg,10.76545281,-2.75584506,3.61218067,-134.73246042,75.23425934,2.15050766
moli02_00900.jpeg,10.59816861,-2.67008525,3.61957992,-138.92111163,75.18922716,2.12496215
moli02_00904.jpeg,10.46049501,-2.63879381,3.6220318,-145.31180386,75.09142435,2.10546893
moli02_00908.jpeg,10.38851328,-2.62889874,3.62752662,-152.37488404,75.08313338,2.05290124
moli02_00914.jpeg,10.33213469,-2.64746036,3.63090771,-161.57867701,75.01169657,1.80941709
moli02_00918.jpeg,10.32031986,-2.6423715,3.63481945,-167.22269654,75.06980812,1.68998095
moli02_00922.jpeg,10.27558085,-2.70805812,3.64001574,-170.37256247,75.02901354,1.5123431
moli02_00926.jpeg,10.21006705,-2.94008453,3.65013635,-171.76384691,75.10332615,1.26767174
moli02_00929.jpeg,10.15411022,-3.2227937,3.66047616,-172.71589874,75.21009125,1.11020381
moli02_00932.jpeg,10.11137235,-3.56574927,3.66796001,-174.62791045,75.37429428,1.0007133
moli02_00937.jpeg,10.07961234,-4.23984532,3.68335893,179.08284688,75.69403841,1.00314477
moli02_00940.jpeg,10.08425407,-4.66877756,3.6979415,174.92066142,75.84448118,0.91504255
moli02_00944.jpeg,10.11161843,-5.14669722,3.71072805,169.76649855,76.03342075,0.86641865
moli02_00948.jpeg,10.1178362,-5.35634714,3.70472582,162.62062114,76.51419469,0.90935069
moli02_00952.jpeg,10.10835767,-5.42903708,3.68686707,153.0679331,76.14336447,0.80423692
moli02_00958.jpeg,10.05255746,-5.43813355,3.67788957,138.66774917,75.79199989,0.6556657
moli02_00962.jpeg,10.00648215,-5.41521727,3.67817636,130.38115148,75.84266282,0.60505033
moli02_00966.jpeg,9.99931898,-5.36280654,3.68350895,122.75562011,75.887696,0.39241038
moli02_01150.jpeg,12.10151455,6.82098207,3.29280526,-57.68621461,74.63074232,2.58950433
moli02_01153.jpeg,12.29801382,7.27731869,3.27834373,-61.26328029,74.67179741,2.63422008
moli02_01157.jpeg,12.5179514,7.95507178,3.25461034,-65.63641476,74.82341457,2.63130795
moli02_01161.jpeg,12.67917283,8.70732472,3.24465512,-70.81390014,74.94993282,2.65593097
moli02_01165.jpeg,12.75872617,9.42372638,3.23691306,-76.68040265,74.91746883,2.60935026
moli02_01168.jpeg,12.77829169,9.92029171,3.22353501,-81.41392539,75.02544339,2.55936588
moli02_01172.jpeg,12.74182078,10.57203641,3.19818251,-88.55792365,75.40000165,2.43658019
moli02_01176.jpeg,12.58652192,11.20380391,3.16347767,-95.12250477,75.67684582,2.25408655
moli02_01180.jpeg,12.35276604,11.79417213,3.13936691,-101.43416666,75.71127625,1.92073467
moli02_01205.jpeg,10.01024569,15.00228843,3.04023312,-132.91834589,75.79024329,0.47199387
moli02_01208.jpeg,9.63045233,15.32531499,3.03357136,-136.74165814,75.81064645,0.3293136
moli02_01212.jpeg,9.04684443,15.72386067,3.01334755,-140.9731629,75.66406246,0.11382428
moli02_01218.jpeg,8.08020094,16.26999707,2.98412347,-146.13078705,75.75621602,0.03170827
moli02_01222.jpeg,7.37493042,16.57628587,2.95936513,-151.07930674,75.7201254,0.04718579
moli02_01226.jpeg,6.62862793,16.83866774,2.94384408,-156.21658227,75.67940709,-0.02540984
moli02_01229.jpeg,6.06599031,17.00712324,2.93334396,-159.85802715,75.73228542,-0.06409993
moli02_01233.jpeg,5.2900999,17.17130175,2.91589856,-164.67481978,75.7126608,-0.08818207
moli02_01237.jpeg,4.48756894,17.28391574,2.89061998,-169.57161079,75.72158812,-0.20007655
moli02_01240.jpeg,3.87823607,17.32811973,2.87637782,-173.2707821,75.7930317,-0.32083323
moli02_01244.jpeg,3.05753403,17.3079736,2.86165818,-178.14774646,75.82395445,-0.41724549
moli02_01248.jpeg,2.23462474,17.21597288,2.84771452,177.02026878,75.75633288,-0.51174416
moli02_01252.jpeg,1.40951061,17.05715519,2.83582556,174.13414135,75.32828979,-0.58292098
moli02_01258.jpeg,0.18141241,16.70341965,2.80589648,172.40508562,75.2131696,-0.98691272
moli02_01262.jpeg,-0.51008601,16.31478922,2.70576256,171.42626739,75.3889973,-1.14209889
moli02_01266.jpeg,-1.02295485,15.75033599,2.53978078,169.30846811,75.68413865,-1.28750642
moli02_01269.jpeg,-1.29548719,15.25481247,2.36156625,167.82820936,75.69505495,-1.46548022
moli02_01273.jpeg,-1.55556366,14.51257739,2.14216739,166.04923072,75.87938938,-1.4947631
moli02_01276.jpeg,-1.66832306,13.90217535,2.07897156,164.02161443,75.83420724,-1.52868153
moli02_01282.jpeg,-1.6652798,12.82017385,2.00175711,154.97158102,75.97746697,-1.73479868
moli02_01286.jpeg,-1.51399343,12.22883737,1.88422367,150.2760077,75.91236952,-1.87459309
moli02_01288.jpeg,-1.40421203,11.98046795,1.82114115,148.53403063,75.93698236,-1.87855283
moli02_01294.jpeg,-0.97025549,11.31325704,1.72431989,141.74131668,75.78638359,-1.66399506
moli02_01298.jpeg,-0.65232003,10.89084076,1.70866787,138.86436461,75.63483463,-1.44342768
moli02_01302.jpeg,-0.33890008,10.51247308,1.678696,137.76082465,75.74990886,-1.47378185
moli02_01306.jpeg,-0.0308833,10.15489831,1.65075448,137.70107856,75.73766048,-1.44212481
moli02_01309.jpeg,0.18605726,9.89187601,1.63931114,137.74413844,75.71372398,-1.43941459
moli02_01313.jpeg,0.43268865,9.57397044,1.62809108,138.22200005,75.68935354,-1.42902444
moli02_01316.jpeg,0.59583593,9.36862507,1.61749521,138.80867318,75.62640543,-1.39979057
moli02_01320.jpeg,0.79381371,9.11835506,1.58367707,139.05859921,75.5725419,-1.37718025
moli02_01326.jpeg,1.05311519,8.79081575,1.55421358,139.17587315,75.46999722,-1.45486739
moli02_01330.jpeg,1.1295963,8.68744134,1.54283208,139.96609805,75.4464,-1.51462164
moli02_01332.jpeg,1.15029408,8.65770228,1.54009657,140.35014078,75.42860794,-1.52181713
moli02_01336.jpeg,1.21834776,8.52975401,1.51262553,145.63735779,72.46178935,-1.91410937
moli02_01346.jpeg,1.17622106,8.47872312,1.54242346,176.90565031,74.48155202,-2.53730746
moli02_01350.jpeg,1.18303186,8.46340604,1.561731,179.26100063,74.79728895,-1.86459726
moli02_01352.jpeg,1.17867452,8.44312501,1.56094156,179.6156275,74.65151255,-2.09679393
moli02_01358.jpeg,1.16927597,8.40210417,1.57316926,-172.52020609,74.5848631,-2.19997833
moli02_01362.jpeg,1.17552767,8.3744643,1.58853135,-170.72262296,74.63871476,-1.78731642
moli02_01364.jpeg,1.18801009,8.35157331,1.5936734,-170.62186693,74.58260412,-1.76785174
moli02_01368.jpeg,1.25383749,8.30055219,1.60114745,-170.40697219,74.50060875,-1.66450294
moli02_01374.jpeg,1.46062868,8.21043073,1.6000221,-171.11860291,74.41959027,-1.37155636
moli02_01377.jpeg,1.59046996,8.16028567,1.60511638,-171.66986274,74.37740707,-1.35763032
moli02_01381.jpeg,1.78911644,8.07845546,1.6173642,-174.11171961,73.94833627,-0.86325829
moli02_01384.jpeg,1.92645422,8.03875925,1.61585724,-178.16275721,73.75689831,-0.44322705
moli02_01390.jpeg,2.12813559,7.97219726,1.61255103,176.2793368,74.52358732,-0.23980911
moli02_01392.jpeg,2.18340023,7.90822353,1.61403693,175.95255458,74.5842427,-0.19207071
moli02_01396.jpeg,2.28625769,7.72246189,1.61498241,174.29587416,74.52301847,-0.07901737
moli02_01402.jpeg,2.4587366,7.34352716,1.62055785,167.92330812,74.51550127,0.2193556
moli02_01406.jpeg,2.57529116,7.09103319,1.62028684,163.67256771,74.61187805,0.32821271
moli02_01410.jpeg,2.69437275,6.87920192,1.61115823,159.7204831,74.57744058,0.33874486
moli02_01413.jpeg,2.79172794,6.74746312,1.59668941,156.90464241,74.59337903,0.36677556
moli02_01418.jpeg,2.94158528,6.51395279,1.59040828,153.22299745,74.87711513,0.47468016
moli02_01421.jpeg,3.03435555,6.34510276,1.58433056,152.43314681,74.83295723,0.41407958
moli02_01424.jpeg,3.14676029,6.15784468,1.58430196,152.06148096,74.9124988,0.3473551
moli02_01428.jpeg,3.3134307,5.87846274,1.5712429,151.02375529,75.01130282,0.27994514
moli02_01432.jpeg,3.49307324,5.57529911,1.5561995,148.58780821,75.10175658,0.24772372
moli02_01436.jpeg,3.71996869,5.27352725,1.53719313,144.3973587,74.53051351,0.12908814
moli02_01442.jpeg,4.12810049,4.97541813,1.52256016,133.22512997,74.85127318,0.6818586
moli02_01446.jpeg,4.44555211,4.83281131,1.50941069,125.8185351,74.49189486,0.92976148
moli02_01450.jpeg,4.7343401,4.72784195,1.5093743,122.90578872,74.9694723,0.66504591
moli02_01453.jpeg,4.9506592,4.65904984,1.54373746,122.29699264,75.01257881,0.45986253
moli02_01457.jpeg,5.14383947,4.59135704,1.59963069,121.93673722,75.22555758,0.18141747
moli02_01462.jpeg,5.25628179,4.47318224,1.61227209,124.18619862,75.03665541,-0.24888263
moli02_01466.jpeg,5.24825804,4.41659929,1.60937676,128.04510163,75.06710879,-0.60886933
moli02_01470.jpeg,5.21608526,4.31903533,1.61036622,129.37371679,75.01011137,-0.86319842
moli02_01474.jpeg,5.20156498,4.27150785,1.6142374,129.50893963,74.97001045,-1.04723566
moli02_01478.jpeg,5.18536499,4.26103041,1.61970343,129.41135654,74.88916476,-1.14199345
moli02_01480.jpeg,5.17706909,4.26130774,1.61297201,129.37051664,74.87167169,-1.18786837
moli02_01486.jpeg,5.16117911,4.26280723,1.37356798,129.29282908,74.85789773,-1.27590132
moli02_01490.jpeg,5.16706602,4.26271905,1.31804124,129.25881989,74.84507616,-1.29026807
moli02_01492.jpeg,5.16555145,4.26196874,1.31842247,129.33703935,74.77188223,-1.32365696
moli03_00010.jpeg,-5.14880508,7.73444361,1.61639878,175.72913635,75.51942534,1.94307143
moli03_00013.jpeg,-5.18729212,7.65107871,1.6229411,173.35040249,75.47492497,1.61692141
moli03_00016.jpeg,-5.20658978,7.55650874,1.63074686,173.19576202,75.47200604,1.40648276
moli03_00020.jpeg,-5.22328245,7.51446852,1.82844191,173.02304804,75.43708885,0.87345941
moli03_00024.jpeg,-5.24490231,7.48848965,2.23433103,172.86907509,75.46762323,0.63654344
moli03_00029.jpeg,-5.30775518,7.44396814,2.68259017,172.26615009,75.60135898,0.55569419
moli03_00034.jpeg,-5.3481883,7.42694866,3.16865565,171.64319976,75.69791877,0.26888001
moli03_00038.jpeg,-5.36632603,7.4331284,3.60793581,171.44773145,75.67424823,0.15927738
moli03_00041.jpeg,-5.38006031,7.4382772,3.79477746,171.2652586,75.63342381,0.09131684
moli03_00046.jpeg,-5.37880396,7.41078575,4.15268587,167.54654607,75.49126655,0.05077061
moli03_00050.jpeg,-5.36584089,7.42385471,4.48969737,166.06700251,75.69872353,-0.03885045
moli03_00052.jpeg,-5.34895323,7.38343071,4.5424605,165.74672754,75.75378887,-0.08337182
moli03_00058.jpeg,-5.18192606,6.73114932,4.57581849,164.27678427,71.94331355,-0.17356091
moli03_00062.jpeg,-4.97472265,6.03967024,4.59670107,163.84337714,69.44584636,-0.13391985
moli03_00064.jpeg,-4.8552301,5.65717121,4.59878887,163.61302467,69.22758455,-0.16115469
moli03_00068.jpeg,-4.60501537,4.88281997,4.59492647,163.20263633,66.41713145,-0.18325538
moli03_00073.jpeg,-4.23142809,4.00676072,4.57294881,157.35495574,65.04978126,-0.04599281
moli03_00078.jpeg,-3.79277258,3.31462588,4.56929245,144.29208331,64.92983772,-0.01435089
moli03_00082.jpeg,-3.40876487,2.81850768,4.56598638,138.17578212,65.04153577,-0.01549932
moli03_00086.jpeg,-3.18357427,2.5241618,4.5501811,135.99860003,61.79326778,0.2196575
moli03_00088.jpeg,-3.13004213,2.46262652,4.54479297,135.96572104,58.97588517,0.18727555
moli03_00093.jpeg,-3.07874695,2.405129,4.52427442,135.87178395,51.45914496,0.13676558
moli03_00098.jpeg,-3.0856476,2.41137485,4.51295627,135.79771479,43.95206133,0.14323344
moli03_00102.jpeg,-3.09740218,2.42109339,4.50927625,135.73819921,37.93507368,0.16876492
moli03_00106.jpeg,-3.09695122,2.42347207,4.52515551,135.63973201,35.39289013,0.02663816
moli03_00108.jpeg,-3.09612625,2.41624905,4.51781021,135.63436363,35.0668702,0.05604694
moli03_00114.jpeg,-3.0346008,2.32903263,4.52095393,135.67510261,31.35341882,0.09393604
moli03_00116.jpeg,-2.98996295,2.27632972,4.55260134,135.7379376,29.78243187,0.04768487
moli03_00120.jpeg,-2.8609974,2.14226949,4.80409343,135.70772309,28.82810289,-0.25540934
moli03_00126.jpeg,-2.75509259,2.00573927,5.35304655,135.72583767,28.77435336,-0.08078489
moli03_00128.jpeg,-2.74357293,1.98782255,5.47055661,135.70886697,28.69832843,-0.09517481
moli03_00132.jpeg,-2.73623065,1.97084895,5.82092556,135.69223093,28.57752525,-0.12261142
moli03_00136.jpeg,-2.74021871,1.95123317,6.16209489,135.74334365,27.46151822,0.08183891
moli03_00141.jpeg,-2.74824107,1.96259442,6.59351617,135.73465469,22.22855225,0.02879901
moli03_00146.jpeg,-2.74045873,1.96650399,6.96501714,135.71734824,22.17048416,0.00143991
moli03_00148.jpeg,-2.73378212,1.93907179,7.01398358,135.74632393,21.31856683,0.14456841
moli03_00154.jpeg,-2.73919641,1.94907405,7.2835947,135.71809696,17.35367132,0.05278535
moli03_00156.jpeg,-2.74034616,1.94454395,7.29696162,135.71668842,17.33986068,0.04862075
moli03_00160.jpeg,-2.72503975,1.92033188,7.46585456,135.68422563,17.30844763,0.00872838
moli03_00164.jpeg,-2.6017669,1.78488855,7.76982044,135.64938514,17.40930179,-0.01348117
moli03_00170.jpeg,-2.35224826,1.49811935,8.09555079,135.6155332,17.3841245,0.00742699
moli03_00174.jpeg,-2.28504352,1.38824744,8.27914257,135.58961693,17.24774673,0.02864136
moli03_00178.jpeg,-2.29690935,1.33734493,8.43312225,135.58837307,17.33432679,0.0527924
moli03_00180.jpeg,-2.31779429,1.31666298,8.4502183,135.5911595,17.34109762,0.07689005
moli03_00184.jpeg,-2.42717211,1.23423183,8.4646447,135.58556093,17.41354021,0.14659211
moli03_00188.jpeg,-2.64316962,1.05863856,8.47529255,135.56561747,17.47654689,0.1817885
moli03_00192.jpeg,-2.95666151,0.79577274,8.48589104,135.55728496,17.52068992,0.19639171
moli03_00198.jpeg,-3.4700856,0.35575301,8.46690461,135.55757815,17.49715559,0.0204309
moli03_00202.jpeg,-3.66997566,0.18479208,8.44383788,135.61746292,17.43308472,-0.11901905
moli03_00206.jpeg,-3.75842528,0.1386283,8.45010744,135.68158437,17.48699361,-0.15138814
moli03_00208.jpeg,-3.76138937,0.15792282,8.4515103,135.71626058,17.50718307,-0.16270274
moli03_00212.jpeg,-3.68464682,0.27349387,8.45477629,135.75159944,17.55904545,-0.19974927
moli03_00216.jpeg,-3.63176553,0.59545851,8.46934182,135.7017602,17.53944105,-0.21640493
moli03_00222.jpeg,-3.79473503,1.32458868,8.44493747,135.62930566,17.39019161,-0.19446811
moli03_00226.jpeg,-3.87375349,1.60771762,8.43470603,135.58315475,17.3894822,-0.05747957
moli03_00228.jpeg,-3.912402,1.69507752,8.42049588,135.60311407,17.47754844,-0.07141762
moli03_00232.jpeg,-3.97656912,1.85385382,8.1525964,135.73086556,17.66918225,-0.10224942
moli03_00238.jpeg,-3.99598401,1.96739783,7.35513415,135.82740884,17.76445003,-0.10876409
moli03_00242.jpeg,-3.9319479,1.95615908,6.79257836,135.87681652,17.80213362,-0.08395025
moli03_00246.jpeg,-3.83553083,1.9086263,6.25630072,135.95482398,17.88507791,-0.05851697
moli03_00248.jpeg,-3.78348176,1.87292009,6.00796748,135.97180888,17.9649915,-0.03686607
moli03_00254.jpeg,-3.60786956,1.70865242,5.31033887,136.15704776,18.02685078,0.04555115
moli03_00256.jpeg,-3.54042819,1.64946432,5.1005845,136.22219737,18.06873212,0.04443795
moli03_00262.jpeg,-3.33886767,1.46853087,4.5639693,136.34550884,17.98241059,0.16765725
moli03_00266.jpeg,-3.24772259,1.3986351,4.49031719,136.36336811,17.79471813,0.15052213
moli03_00270.jpeg,-3.21241735,1.37453343,4.48064113,136.42491126,21.27319617,0.36977054
moli03_00272.jpeg,-3.20326766,1.37322068,4.47964287,136.43834039,22.5106171,0.30706189
moli03_00278.jpeg,-3.18530582,1.35721412,4.46451501,136.47474381,26.83740545,0.10525878
moli03_00280.jpeg,-3.17983522,1.34799689,4.46323811,136.48760399,26.81602901,0.11303966
moli03_00284.jpeg,-3.16985996,1.32745936,4.45008682,134.59591681,26.82716954,0.23118284
moli03_00288.jpeg,-3.16815311,1.30342715,4.43184112,127.64588028,26.82316646,0.53924327
moli03_00294.jpeg,-3.12962068,1.3064924,4.3594466,99.90336063,26.31633346,1.81400227
moli03_00298.jpeg,-3.18779879,1.33735779,4.44129638,93.35014035,26.52341952,0.75103839
moli03_00300.jpeg,-3.15496238,1.33751735,4.4493578,93.25688386,26.51498225,0.63774426
moli03_00306.jpeg,-3.01678505,1.34833192,4.45750699,93.1135826,31.6610576,0.45622116
moli03_00310.jpeg,-3.02282202,1.35677657,4.45278316,93.23895731,35.80178551,0.51142889
moli03_00312.jpeg,-3.01906161,1.38028576,4.45889675,93.15529818,36.25373848,0.42163295
moli03_00317.jpeg,-3.02289018,1.38309167,4.48532202,92.94296213,42.77521499,0.2018684
moli03_00320.jpeg,-3.02705744,1.37988839,4.4841234,92.91987787,47.2285603,0.18106406
moli03_00325.jpeg,-3.02373406,1.36739827,4.47867076,92.85251933,54.79650108,0.09870682
moli03_00330.jpeg,-3.03712784,1.34554653,4.47672676,92.93173669,61.52841148,0.03299806
moli03_00332.jpeg,-3.04005652,1.3441109,4.47413293,92.91625151,62.43723861,-0.00128585
moli03_00338.jpeg,-3.04334783,1.32863548,4.4831499,92.69977429,68.65887278,-0.2654893
moli03_00341.jpeg,-3.06032204,1.29697595,4.48056123,92.65748778,69.33253834,-0.3451195
moli03_00344.jpeg,-3.06957062,1.18777184,4.4857034,92.57661825,69.29703542,-0.42995445
moli03_00348.jpeg,-3.08393331,0.90134955,4.49304763,92.97049577,69.2857604,-0.49041421
moli03_00352.jpeg,-3.1270188,0.53863106,4.50873076,95.81789201,69.35525297,-0.5001144
moli03_00356.jpeg,-3.18640486,0.15451443,4.51661046,101.74638645,69.28536853,-0.82916764
moli03_00362.jpeg,-3.3681363,-0.31355103,4.53483792,109.95918215,69.60197919,-1.54660582
moli03_00366.jpeg,-3.43946452,-0.49912309,4.52658888,110.3804375,69.38800781,-1.57886759
moli03_00368.jpeg,-3.46342534,-0.5383478,4.53240993,110.3511711,69.44778253,-1.55776774
moli03_00374.jpeg,-3.50326103,-0.57315218,4.54142642,106.7212233,69.55216902,-1.10220441
moli03_00378.jpeg,-3.51002576,-0.64718964,4.53219843,104.41073163,69.45857756,-0.99219865
moli03_00380.jpeg,-3.51087893,-0.69864872,4.5235725,103.94502534,69.34539754,-1.0273609
moli03_00384.jpeg,-3.54829471,-0.85659008,4.51735665,103.41614394,69.25704626,-1.12442714
moli03_00390.jpeg,-3.6785831,-1.32222287,4.52483778,100.8562627,69.31633997,-0.97126987
moli03_00392.jpeg,-3.71675838,-1.53648001,4.52793618,98.97514455,69.32282559,-0.82162591
moli03_00398.jpeg,-3.7686536,-2.27296289,4.53451932,92.3621362,69.33937628,-0.28491139
moli03_00400.jpeg,-3.77097306,-2.49279471,4.54120707,89.73160548,69.46863421,-0.04388994
moli03_00405.jpeg,-3.75027735,-2.78243216,4.55039001,82.8664981,69.70322848,0.45141083
moli03_00409.jpeg,-3.73772814,-2.84614696,4.54413621,78.6057819,69.54661569,0.3582473
moli03_00666.jpeg,7.21667809,13.19973418,4.3579259,-114.41472076,71.41390924,-3.74152645
moli03_00668.jpeg,7.34016867,13.23578785,4.35010992,-114.32180354,71.44413958,-3.74765501
moli03_00672.jpeg,7.51485728,13.28407866,4.15955849,-114.07962932,71.11328348,-3.60912586
moli03_00678.jpeg,7.46737229,13.22373862,3.49710929,-113.887474,71.02725013,-3.53402885
moli03_00681.jpeg,7.27782755,13.1328717,3.28291503,-114.01613023,71.29545671,-3.64710753
moli03_00686.jpeg,6.92098518,12.99094843,3.19645838,-114.05492315,71.53286055,-3.67630222
moli03_00690.jpeg,6.7600938,12.90793083,3.12771364,-113.95276075,71.37987683,-3.5924761
moli03_00692.jpeg,6.72111799,12.88167711,3.08651666,-113.85132783,71.3665573,-3.50941612
moli03_00698.jpeg,6.71363947,12.85489418,2.97393915,-113.72059444,71.48603579,-3.40616367
moli03_00700.jpeg,6.73491604,12.85593144,2.94728273,-113.61925051,71.45265401,-3.33066558
moli03_00704.jpeg,6.78912614,12.86225045,2.82033473,-113.40673576,71.29693246,-3.1527725
moli03_00708.jpeg,6.80613689,12.85582103,2.56412501,-113.17482237,70.89140823,-2.95181845
moli03_00714.jpeg,6.76921463,12.83598253,2.11643401,-113.07530049,71.10128041,-2.85952214
moli03_00718.jpeg,6.77710369,12.82098668,1.96109926,-112.84065014,71.0634731,-2.64836472
moli03_00722.jpeg,6.83775142,12.82560508,1.90808822,-112.66750177,71.11549701,-2.50603557
moli03_00724.jpeg,6.91168106,12.84495915,1.90044341,-112.68217518,71.03952811,-2.51677245
moli03_00730.jpeg,7.20555864,12.93102332,1.68268738,-112.60917707,70.92242404,-2.43242504
moli03_00734.jpeg,7.25799234,12.94036505,1.62694735,-112.47320448,71.00481276,-2.32520907
moli03_00738.jpeg,7.27532598,12.93307228,1.5770636,-112.21309501,70.95859833,-2.08756723
moli03_00740.jpeg,7.27167861,12.92634364,1.57229051,-112.08037433,70.96247667,-1.96275623
moli03_00745.jpeg,7.26255551,12.91407469,1.56333147,-111.77768015,70.81520022,-1.66816143
moli03_00750.jpeg,7.25961957,12.90716991,1.48840358,-111.51203841,70.66292178,-1.41719493
moli03_00752.jpeg,7.25902916,12.90347754,1.46277249,-111.39873725,70.61440549,-1.30794581
moli03_00758.jpeg,7.25911321,12.90097843,1.40570177,-111.13773044,70.49565246,-1.05449137
moli03_00760.jpeg,7.26135379,12.90096047,1.40707546,-111.05954075,70.46228719,-0.98223663
moli03_00766.jpeg,7.2683506,12.8990116,1.41136247,-110.83147405,70.35059804,-0.75303232
moli03_00768.jpeg,7.26892707,12.89881967,1.41142832,-110.76831107,70.30803409,-0.69488297
moli03_00774.jpeg,7.2705641,12.90146883,1.35770368,-111.42064105,80.40116723,-1.37627069
moli03_00776.jpeg,7.26801121,12.90185369,1.32460951,-112.3236587,84.30061873,-2.28945267
moli03_00781.jpeg,7.26046773,12.90037984,1.24578362,-153.99084642,89.72687458,-43.959592
moli03_00785.jpeg,7.25885146,12.9027372,1.19676818,-156.00732308,89.76648156,-45.97510766
moli03_00790.jpeg,7.25766835,12.89802561,1.14377125,-159.46608333,89.80016306,-49.43566285
moli03_00798.jpeg,7.25698608,12.89048695,1.12604509,-161.48747739,89.81101505,-51.479295
moli03_00800.jpeg,7.25805457,12.89069715,1.12365066,-154.99997431,89.79871786,-44.99656565
moli03_00806.jpeg,7.25898466,12.88783063,1.11423206,-111.73864105,87.45724189,-2.71883461
moli03_00813.jpeg,7.26216905,12.89391253,1.11236933,-112.96860995,87.54869954,-4.04251991
moli03_00816.jpeg,7.28929811,12.87844903,1.104669,-121.91112158,89.03598904,-13.18378939
moli03_00822.jpeg,7.35802391,12.85585822,1.03542649,-117.09111941,88.36555454,-1.75781617
moli03_00824.jpeg,7.36670814,12.86427403,0.99592253,-118.26329241,86.69503319,-1.11255982
moli03_00830.jpeg,7.37346261,12.87628308,0.90203717,-120.35906573,84.34976781,-0.0040281
moli03_00832.jpeg,7.36671069,12.89443818,0.88583615,-119.38972503,87.11544152,0.83879133
moli03_00838.jpeg,7.34511329,12.96235733,0.87763488,-112.34288749,86.1164254,-1.21059455
moli03_00842.jpeg,7.35027923,12.97150707,0.86896269,-109.04411143,87.23296228,-3.65059445
moli03_00846.jpeg,7.34883709,12.9770491,0.86467562,-106.62387085,87.19651414,-3.56064299
moli03_00850.jpeg,7.35075424,12.98095606,0.86121775,-104.53961024,87.18828575,-2.68738281
moli03_00853.jpeg,7.35471282,12.98248817,0.85728923,-103.18874426,87.18974127,-1.81187711
moli03_00856.jpeg,7.35656892,12.98117945,0.8556082,-102.39284039,87.23058666,-1.17178168
moli03_00861.jpeg,7.35554382,12.97699538,0.85846938,-101.06913168,87.27328618,0.06598901
moli03_00864.jpeg,7.35632309,12.97099177,0.86233445,-100.01110797,87.35733173,1.17649221
moli03_00869.jpeg,7.36064723,12.9739997,0.86180989,-98.45392712,87.39707153,3.50465973
